-- MySQL dump 10.13  Distrib 5.6.15, for Win64 (x86_64)
--
-- Host: localhost    Database: ranchsorting
-- ------------------------------------------------------
-- Server version	5.6.15

/*!40101 SET @OLD_CHARACTER_SET_CLIENT=@@CHARACTER_SET_CLIENT */;
/*!40101 SET @OLD_CHARACTER_SET_RESULTS=@@CHARACTER_SET_RESULTS */;
/*!40101 SET @OLD_COLLATION_CONNECTION=@@COLLATION_CONNECTION */;
/*!40101 SET NAMES utf8 */;
/*!40103 SET @OLD_TIME_ZONE=@@TIME_ZONE */;
/*!40103 SET TIME_ZONE='+00:00' */;
/*!40014 SET @OLD_UNIQUE_CHECKS=@@UNIQUE_CHECKS, UNIQUE_CHECKS=0 */;
/*!40014 SET @OLD_FOREIGN_KEY_CHECKS=@@FOREIGN_KEY_CHECKS, FOREIGN_KEY_CHECKS=0 */;
/*!40101 SET @OLD_SQL_MODE=@@SQL_MODE, SQL_MODE='NO_AUTO_VALUE_ON_ZERO' */;
/*!40111 SET @OLD_SQL_NOTES=@@SQL_NOTES, SQL_NOTES=0 */;

--
-- Table structure for table `tb_animal`
--

DROP TABLE IF EXISTS `tb_animal`;
/*!40101 SET @saved_cs_client     = @@character_set_client */;
/*!40101 SET character_set_client = utf8 */;
CREATE TABLE `tb_animal` (
  `an_id` bigint(20) NOT NULL AUTO_INCREMENT,
  `an_cor` varchar(50) DEFAULT NULL,
  `an_data_alteracao` datetime DEFAULT NULL,
  `an_etnia` varchar(15) DEFAULT NULL,
  `an_idade` bigint(20) DEFAULT NULL,
  `an_nome` varchar(120) NOT NULL,
  `an_raca` varchar(80) DEFAULT NULL,
  `an_competidor_id` bigint(20) DEFAULT NULL,
  `an_ocorrencia` bigint(20) DEFAULT NULL,
  `an_us_alteracao` bigint(20) DEFAULT NULL,
  PRIMARY KEY (`an_id`),
  KEY `FK_nno96ivbw1777x0d70juphtj4` (`an_competidor_id`),
  KEY `FK_qa3iudwchb9bkhjth3bs54m3n` (`an_ocorrencia`),
  KEY `FK_4a1jaw4vc0o3u4bobkalvqtgh` (`an_us_alteracao`),
  CONSTRAINT `FK_4a1jaw4vc0o3u4bobkalvqtgh` FOREIGN KEY (`an_us_alteracao`) REFERENCES `tb_usuario` (`us_id`),
  CONSTRAINT `FK_nno96ivbw1777x0d70juphtj4` FOREIGN KEY (`an_competidor_id`) REFERENCES `tb_competidor` (`cp_id`),
  CONSTRAINT `FK_qa3iudwchb9bkhjth3bs54m3n` FOREIGN KEY (`an_ocorrencia`) REFERENCES `tb_ocorrencia` (`oc_id`)
) ENGINE=InnoDB DEFAULT CHARSET=utf8;
/*!40101 SET character_set_client = @saved_cs_client */;

--
-- Dumping data for table `tb_animal`
--

LOCK TABLES `tb_animal` WRITE;
/*!40000 ALTER TABLE `tb_animal` DISABLE KEYS */;
/*!40000 ALTER TABLE `tb_animal` ENABLE KEYS */;
UNLOCK TABLES;

--
-- Table structure for table `tb_anuidade`
--

DROP TABLE IF EXISTS `tb_anuidade`;
/*!40101 SET @saved_cs_client     = @@character_set_client */;
/*!40101 SET character_set_client = utf8 */;
CREATE TABLE `tb_anuidade` (
  `anu_id` bigint(20) NOT NULL AUTO_INCREMENT,
  `anu_data_alteracao` datetime DEFAULT NULL,
  `anu_data_pagamento` datetime NOT NULL,
  `anu_observacao` text,
  `anu_valor_pago` decimal(10,2) NOT NULL,
  `anu_campeonato` bigint(20) NOT NULL,
  `anu_competidor_id` bigint(20) NOT NULL,
  `anu_ocorrencia` bigint(20) DEFAULT NULL,
  `anu_us_alteracao` bigint(20) DEFAULT NULL,
  PRIMARY KEY (`anu_id`),
  KEY `FK_5d2mhj0dif3i05qpkkscm3sg5` (`anu_campeonato`),
  KEY `FK_ncf0wib6hcebhe7g8qsutt4lj` (`anu_competidor_id`),
  KEY `FK_gpnolcdtfsflymtwvcf6rt1i5` (`anu_ocorrencia`),
  KEY `FK_plfu64rfcnw1158ey9sfa1yvr` (`anu_us_alteracao`),
  CONSTRAINT `FK_5d2mhj0dif3i05qpkkscm3sg5` FOREIGN KEY (`anu_campeonato`) REFERENCES `tb_campeonato` (`cp_id`),
  CONSTRAINT `FK_gpnolcdtfsflymtwvcf6rt1i5` FOREIGN KEY (`anu_ocorrencia`) REFERENCES `tb_ocorrencia` (`oc_id`),
  CONSTRAINT `FK_ncf0wib6hcebhe7g8qsutt4lj` FOREIGN KEY (`anu_competidor_id`) REFERENCES `tb_competidor` (`cp_id`),
  CONSTRAINT `FK_plfu64rfcnw1158ey9sfa1yvr` FOREIGN KEY (`anu_us_alteracao`) REFERENCES `tb_usuario` (`us_id`)
) ENGINE=InnoDB AUTO_INCREMENT=99 DEFAULT CHARSET=utf8;
/*!40101 SET character_set_client = @saved_cs_client */;

--
-- Dumping data for table `tb_anuidade`
--

LOCK TABLES `tb_anuidade` WRITE;
/*!40000 ALTER TABLE `tb_anuidade` DISABLE KEYS */;
INSERT INTO `tb_anuidade` VALUES (1,NULL,'2019-08-10 00:00:00','Lançado na implantação',100.00,1,1,NULL,NULL),(2,NULL,'2019-08-10 00:00:00','Lançado na implantação',100.00,1,2,NULL,NULL),(3,NULL,'2019-08-10 00:00:00','Lançado na implantação',100.00,1,3,NULL,NULL),(4,NULL,'2019-08-10 00:00:00','Lançado na implantação',100.00,1,4,NULL,NULL),(5,NULL,'2019-08-10 00:00:00','Lançado na implantação',100.00,1,5,NULL,NULL),(6,NULL,'2019-08-10 00:00:00','Lançado na implantação',100.00,1,6,NULL,NULL),(7,NULL,'2019-08-10 00:00:00','Lançado na implantação',100.00,1,7,NULL,NULL),(8,NULL,'2019-08-10 00:00:00','Lançado na implantação',100.00,1,8,NULL,NULL),(9,NULL,'2019-08-10 00:00:00','Lançado na implantação',100.00,1,9,NULL,NULL),(10,NULL,'2019-08-10 00:00:00','Lançado na implantação',100.00,1,10,NULL,NULL),(11,NULL,'2019-08-10 00:00:00','Lançado na implantação',100.00,1,11,NULL,NULL),(12,NULL,'2019-08-10 00:00:00','Lançado na implantação',100.00,1,12,NULL,NULL),(13,NULL,'2019-08-10 00:00:00','Lançado na implantação',100.00,1,13,NULL,NULL),(14,NULL,'2019-08-10 00:00:00','Lançado na implantação',100.00,1,14,NULL,NULL),(15,NULL,'2019-08-10 00:00:00','Lançado na implantação',100.00,1,15,NULL,NULL),(16,NULL,'2019-08-10 00:00:00','Lançado na implantação',100.00,1,16,NULL,NULL),(17,NULL,'2019-08-10 00:00:00','Lançado na implantação',100.00,1,17,NULL,NULL),(18,NULL,'2019-08-10 00:00:00','Lançado na implantação',100.00,1,18,NULL,NULL),(19,NULL,'2019-08-10 00:00:00','Lançado na implantação',100.00,1,19,NULL,NULL),(20,NULL,'2019-08-10 00:00:00','Lançado na implantação',100.00,1,20,NULL,NULL),(21,NULL,'2019-08-10 00:00:00','Lançado na implantação',100.00,1,21,NULL,NULL),(22,NULL,'2019-08-10 00:00:00','Lançado na implantação',100.00,1,22,NULL,NULL),(23,NULL,'2019-08-10 00:00:00','Lançado na implantação',100.00,1,23,NULL,NULL),(24,NULL,'2019-08-10 00:00:00','Lançado na implantação',100.00,1,24,NULL,NULL),(25,NULL,'2019-08-10 00:00:00','Lançado na implantação',100.00,1,25,NULL,NULL),(26,NULL,'2019-08-10 00:00:00','Lançado na implantação',100.00,1,26,NULL,NULL),(27,NULL,'2019-08-10 00:00:00','Lançado na implantação',100.00,1,27,NULL,NULL),(28,NULL,'2019-08-10 00:00:00','Lançado na implantação',100.00,1,28,NULL,NULL),(29,NULL,'2019-08-10 00:00:00','Lançado na implantação',100.00,1,29,NULL,NULL),(30,NULL,'2019-08-10 00:00:00','Lançado na implantação',100.00,1,30,NULL,NULL),(31,NULL,'2019-08-10 00:00:00','Lançado na implantação',100.00,1,31,NULL,NULL),(32,NULL,'2019-08-10 00:00:00','Lançado na implantação',100.00,1,32,NULL,NULL),(33,NULL,'2019-08-10 00:00:00','Lançado na implantação',100.00,1,33,NULL,NULL),(34,NULL,'2019-08-10 00:00:00','Lançado na implantação',100.00,1,34,NULL,NULL),(35,NULL,'2019-08-10 00:00:00','Lançado na implantação',100.00,1,35,NULL,NULL),(36,NULL,'2019-08-10 00:00:00','Lançado na implantação',100.00,1,36,NULL,NULL),(37,NULL,'2019-08-10 00:00:00','Lançado na implantação',100.00,1,37,NULL,NULL),(38,NULL,'2019-08-10 00:00:00','Lançado na implantação',100.00,1,38,NULL,NULL),(39,NULL,'2019-08-10 00:00:00','Lançado na implantação',100.00,1,39,NULL,NULL),(40,NULL,'2019-08-10 00:00:00','Lançado na implantação',100.00,1,40,NULL,NULL),(41,NULL,'2019-08-10 00:00:00','Lançado na implantação',100.00,1,41,NULL,NULL),(42,NULL,'2019-08-10 00:00:00','Lançado na implantação',100.00,1,42,NULL,NULL),(43,NULL,'2019-08-10 00:00:00','Lançado na implantação',100.00,1,43,NULL,NULL),(44,NULL,'2019-08-10 00:00:00','Lançado na implantação',100.00,1,44,NULL,NULL),(45,NULL,'2019-08-10 00:00:00','Lançado na implantação',100.00,1,45,NULL,NULL),(46,NULL,'2019-08-10 00:00:00','Lançado na implantação',100.00,1,46,NULL,NULL),(47,NULL,'2019-08-10 00:00:00','Lançado na implantação',100.00,1,47,NULL,NULL),(48,NULL,'2019-08-10 00:00:00','Lançado na implantação',100.00,1,48,NULL,NULL),(49,NULL,'2019-08-10 00:00:00','Lançado na implantação',100.00,1,49,NULL,NULL),(50,NULL,'2019-08-10 00:00:00','Lançado na implantação',100.00,1,50,NULL,NULL),(51,NULL,'2019-08-10 00:00:00','Lançado na implantação',100.00,1,51,NULL,NULL),(52,NULL,'2019-08-10 00:00:00','Lançado na implantação',100.00,1,52,NULL,NULL),(53,NULL,'2019-08-10 00:00:00','Lançado na implantação',100.00,1,53,NULL,NULL),(54,NULL,'2019-08-10 00:00:00','Lançado na implantação',100.00,1,54,NULL,NULL),(55,NULL,'2019-08-10 00:00:00','Lançado na implantação',100.00,1,55,NULL,NULL),(56,NULL,'2019-08-10 00:00:00','Lançado na implantação',100.00,1,56,NULL,NULL),(57,NULL,'2019-08-10 00:00:00','Lançado na implantação',100.00,1,57,NULL,NULL),(58,NULL,'2019-08-10 00:00:00','Lançado na implantação',100.00,1,58,NULL,NULL),(59,NULL,'2019-08-10 00:00:00','Lançado na implantação',100.00,1,59,NULL,NULL),(60,NULL,'2019-08-10 00:00:00','Lançado na implantação',100.00,1,60,NULL,NULL),(61,NULL,'2019-08-10 00:00:00','Lançado na implantação',100.00,1,61,NULL,NULL),(62,NULL,'2019-08-10 00:00:00','Lançado na implantação',100.00,1,62,NULL,NULL),(63,NULL,'2019-08-10 00:00:00','Lançado na implantação',100.00,1,63,NULL,NULL),(64,NULL,'2019-08-10 00:00:00','Lançado na implantação',100.00,1,64,NULL,NULL),(65,NULL,'2019-08-10 00:00:00','Lançado na implantação',100.00,1,65,NULL,NULL),(66,NULL,'2019-08-10 00:00:00','Lançado na implantação',100.00,1,66,NULL,NULL),(67,NULL,'2019-08-10 00:00:00','Lançado na implantação',100.00,1,67,NULL,NULL),(68,NULL,'2019-08-10 00:00:00','Lançado na implantação',100.00,1,68,NULL,NULL),(69,NULL,'2019-08-10 00:00:00','Lançado na implantação',100.00,1,69,NULL,NULL),(70,NULL,'2019-08-10 00:00:00','Lançado na implantação',100.00,1,70,NULL,NULL),(71,NULL,'2019-08-10 00:00:00','Lançado na implantação',100.00,1,71,NULL,NULL),(72,NULL,'2019-08-10 00:00:00','Lançado na implantação',100.00,1,72,NULL,NULL),(73,NULL,'2019-08-10 00:00:00','Lançado na implantação',100.00,1,73,NULL,NULL),(74,NULL,'2019-08-10 00:00:00','Lançado na implantação',100.00,1,74,NULL,NULL),(75,NULL,'2019-08-10 00:00:00','Lançado na implantação',100.00,1,75,NULL,NULL),(76,NULL,'2019-08-10 00:00:00','Lançado na implantação',100.00,1,76,NULL,NULL),(77,NULL,'2019-08-10 00:00:00','Lançado na implantação',100.00,1,77,NULL,NULL),(78,NULL,'2019-08-10 00:00:00','Lançado na implantação',100.00,1,78,NULL,NULL),(80,NULL,'2019-08-10 00:00:00','Lançado na implantação',50.00,1,79,NULL,NULL),(81,NULL,'2019-08-10 00:00:00','Lançado na implantação',50.00,1,80,NULL,NULL),(82,NULL,'2019-08-10 00:00:00','Lançado na implantação',50.00,1,81,NULL,NULL),(83,NULL,'2019-08-10 00:00:00','Lançado na implantação',50.00,1,82,NULL,NULL),(84,NULL,'2019-08-10 00:00:00','Lançado na implantação',50.00,1,83,NULL,NULL),(85,NULL,'2019-08-10 00:00:00','Lançado na implantação',50.00,1,84,NULL,NULL),(87,NULL,'2019-08-10 00:00:00','Lançado na implantação',50.00,1,85,NULL,NULL),(88,NULL,'2019-08-10 00:00:00','Lançado na implantação',50.00,1,86,NULL,NULL),(89,NULL,'2019-08-10 00:00:00','Lançado na implantação',50.00,1,87,NULL,NULL),(90,NULL,'2019-08-10 00:00:00','Lançado na implantação',50.00,1,88,NULL,NULL),(91,NULL,'2019-08-10 00:00:00','Lançado na implantação',50.00,1,89,NULL,NULL),(92,NULL,'2019-08-10 00:00:00','Lançado na implantação',50.00,1,90,NULL,NULL),(93,NULL,'2019-08-10 00:00:00','Lançado na implantação',50.00,1,91,NULL,NULL),(94,NULL,'2019-08-10 00:00:00','Lançado na implantação',50.00,1,92,NULL,NULL),(95,NULL,'2019-08-10 00:00:00','Lançado na implantação',50.00,1,93,NULL,NULL),(96,NULL,'2019-08-10 00:00:00','Lançado na implantação',50.00,1,94,NULL,NULL),(97,NULL,'2019-08-10 00:00:00','Lançado na implantação',50.00,1,95,NULL,NULL),(98,NULL,'2019-08-11 00:00:00','',50.00,1,97,NULL,NULL);
/*!40000 ALTER TABLE `tb_anuidade` ENABLE KEYS */;
UNLOCK TABLES;

--
-- Table structure for table `tb_boiada`
--

DROP TABLE IF EXISTS `tb_boiada`;
/*!40101 SET @saved_cs_client     = @@character_set_client */;
/*!40101 SET character_set_client = utf8 */;
CREATE TABLE `tb_boiada` (
  `bo_id` bigint(20) NOT NULL AUTO_INCREMENT,
  `bo_numero` int(11) DEFAULT NULL,
  PRIMARY KEY (`bo_id`)
) ENGINE=InnoDB DEFAULT CHARSET=utf8;
/*!40101 SET character_set_client = @saved_cs_client */;

--
-- Dumping data for table `tb_boiada`
--

LOCK TABLES `tb_boiada` WRITE;
/*!40000 ALTER TABLE `tb_boiada` DISABLE KEYS */;
/*!40000 ALTER TABLE `tb_boiada` ENABLE KEYS */;
UNLOCK TABLES;

--
-- Table structure for table `tb_campeonato`
--

DROP TABLE IF EXISTS `tb_campeonato`;
/*!40101 SET @saved_cs_client     = @@character_set_client */;
/*!40101 SET character_set_client = utf8 */;
CREATE TABLE `tb_campeonato` (
  `cp_id` bigint(20) NOT NULL AUTO_INCREMENT,
  `cp_data_abertura` date DEFAULT NULL,
  `cp_data_alteracao` datetime DEFAULT NULL,
  `cp_data_termino` date DEFAULT NULL,
  `cp_nome` varchar(120) NOT NULL,
  `cp_observacao` text,
  `cp_tipo_campeonato` varchar(15) NOT NULL,
  `cp_valor_anuidade` decimal(10,2) DEFAULT NULL,
  `cp_ocorrencia` bigint(20) DEFAULT NULL,
  `cp_us_alteracao` bigint(20) DEFAULT NULL,
  `cp_qnt_boiada` bigint(20) DEFAULT NULL,
  PRIMARY KEY (`cp_id`),
  KEY `FK_ne4yti1nu41dequtcxhnoguem` (`cp_ocorrencia`),
  KEY `FK_b6kq5nm3f4ij19fv423bltsn` (`cp_us_alteracao`),
  CONSTRAINT `FK_b6kq5nm3f4ij19fv423bltsn` FOREIGN KEY (`cp_us_alteracao`) REFERENCES `tb_usuario` (`us_id`),
  CONSTRAINT `FK_ne4yti1nu41dequtcxhnoguem` FOREIGN KEY (`cp_ocorrencia`) REFERENCES `tb_ocorrencia` (`oc_id`)
) ENGINE=InnoDB AUTO_INCREMENT=3 DEFAULT CHARSET=utf8;
/*!40101 SET character_set_client = @saved_cs_client */;

--
-- Dumping data for table `tb_campeonato`
--

LOCK TABLES `tb_campeonato` WRITE;
/*!40000 ALTER TABLE `tb_campeonato` DISABLE KEYS */;
INSERT INTO `tb_campeonato` VALUES (1,'2019-01-01',NULL,'2019-12-31','For Friends','','RANCHSORTING',100.00,NULL,NULL,NULL),(2,NULL,NULL,NULL,'ALEATORIO','','RANCHSORTING',NULL,NULL,NULL,NULL);
/*!40000 ALTER TABLE `tb_campeonato` ENABLE KEYS */;
UNLOCK TABLES;

--
-- Table structure for table `tb_competidor`
--

DROP TABLE IF EXISTS `tb_competidor`;
/*!40101 SET @saved_cs_client     = @@character_set_client */;
/*!40101 SET character_set_client = utf8 */;
CREATE TABLE `tb_competidor` (
  `cp_id` bigint(20) NOT NULL AUTO_INCREMENT,
  `cp_contato` varchar(160) DEFAULT NULL,
  `cp_data_alteracao` datetime DEFAULT NULL,
  `cp_dt_nascimento` date DEFAULT NULL,
  `cp_doc_responsavel` varchar(50) DEFAULT NULL,
  `cp_etnia` varchar(15) NOT NULL,
  `cp_idade` bigint(20) NOT NULL,
  `cp_nome` varchar(160) NOT NULL,
  `cp_responsavel` varchar(160) DEFAULT NULL,
  `cp_ocorrencia` bigint(20) DEFAULT NULL,
  `cp_us_alteracao` bigint(20) DEFAULT NULL,
  PRIMARY KEY (`cp_id`),
  KEY `FK_6gdg6qjy6i64wwigtg17uf3va` (`cp_ocorrencia`),
  KEY `FK_3ifdxf90q4y7ad1m0i89ubv9h` (`cp_us_alteracao`),
  CONSTRAINT `FK_3ifdxf90q4y7ad1m0i89ubv9h` FOREIGN KEY (`cp_us_alteracao`) REFERENCES `tb_usuario` (`us_id`),
  CONSTRAINT `FK_6gdg6qjy6i64wwigtg17uf3va` FOREIGN KEY (`cp_ocorrencia`) REFERENCES `tb_ocorrencia` (`oc_id`)
) ENGINE=InnoDB AUTO_INCREMENT=127 DEFAULT CHARSET=utf8;
/*!40101 SET character_set_client = @saved_cs_client */;

--
-- Dumping data for table `tb_competidor`
--

LOCK TABLES `tb_competidor` WRITE;
/*!40000 ALTER TABLE `tb_competidor` DISABLE KEYS */;
INSERT INTO `tb_competidor` VALUES (1,'',NULL,NULL,'','MASCULINO',20,'Adriano José da Silva','',NULL,NULL),(2,'',NULL,NULL,'','MASCULINO',20,'Alef Silva','',NULL,NULL),(3,'',NULL,NULL,'','MASCULINO',20,'Allan Bife','',NULL,NULL),(4,'',NULL,NULL,'','MASCULINO',20,'Anderson Biconletto (Pitú) ','',NULL,NULL),(5,'',NULL,NULL,'','MASCULINO',20,'André Fernandes ','',NULL,NULL),(6,'',NULL,NULL,'','MASCULINO',20,'André Maciel ','',NULL,NULL),(7,'',NULL,NULL,'','MASCULINO',20,'André Perinotto ','',NULL,NULL),(8,'',NULL,NULL,'','MASCULINO',20,' André Tonizza','',NULL,NULL),(9,'',NULL,NULL,'','MASCULINO',20,'Andrezinho ','',NULL,NULL),(10,'',NULL,NULL,'','MASCULINO',20,'Barroquinha','',NULL,NULL),(11,'',NULL,NULL,'','MASCULINO',20,'Beto Tessari ','',NULL,NULL),(12,'',NULL,NULL,'','MASCULINO',20,'Bruninho Descalvado','',NULL,NULL),(13,'',NULL,NULL,'','MASCULINO',20,'Bruno Possato','',NULL,NULL),(14,'',NULL,NULL,'','MASCULINO',20,'Bruno Rita','',NULL,NULL),(15,'',NULL,NULL,'','MASCULINO',20,'Bruno Sundermann','',NULL,NULL),(16,'',NULL,NULL,'','MASCULINO',20,'Cirineu Dair','',NULL,NULL),(17,'',NULL,NULL,'','FEMININO',20,'Clarissa Tomazella','',NULL,NULL),(18,'',NULL,NULL,'','MASCULINO',20,'Claudinei ','',NULL,NULL),(19,'',NULL,NULL,'','MASCULINO',20,'Diego Baldissera','',NULL,NULL),(20,'',NULL,NULL,'','MASCULINO',20,'Diego Góes','',NULL,NULL),(21,'',NULL,NULL,'','MASCULINO',20,'Diogo Ap. F. da Costa','',NULL,NULL),(22,'',NULL,NULL,'','MASCULINO',20,'Douglas Pultz','',NULL,NULL),(23,'',NULL,NULL,'','MASCULINO',20,'Emerson Pereira','',NULL,NULL),(24,'',NULL,NULL,'','MASCULINO',20,'Everton Tetzner ','',NULL,NULL),(25,'',NULL,NULL,'','MASCULINO',20,'Fábio Melo ','',NULL,NULL),(26,'',NULL,NULL,'','MASCULINO',20,'Fernando Marini ','',NULL,NULL),(27,'',NULL,NULL,'','MASCULINO',20,'Fernando Santinelli','',NULL,NULL),(28,'',NULL,NULL,'','MASCULINO',20,'Gustavo Gomes','',NULL,NULL),(29,'',NULL,NULL,'','MASCULINO',20,'Gustavo Oliveira','',NULL,NULL),(30,'',NULL,NULL,'','MASCULINO',20,'Henrique Lamberti','',NULL,NULL),(31,'',NULL,NULL,'','MASCULINO',20,'Igor Pardal','',NULL,NULL),(32,'',NULL,NULL,'','MASCULINO',200,'João Batista','',NULL,NULL),(33,'',NULL,NULL,'','MASCULINO',20,'João Chinali ','',NULL,NULL),(34,'',NULL,NULL,'','MASCULINO',20,'João Grulli ','',NULL,NULL),(35,'',NULL,NULL,'','MASCULINO',20,'João Salla ','',NULL,NULL),(36,'',NULL,NULL,'','MASCULINO',20,'João Vitor','',NULL,NULL),(37,'',NULL,NULL,'','MASCULINO',20,'José Cássio Magalhães','',NULL,NULL),(38,'',NULL,NULL,'','MASCULINO',20,'Junior Cirelli','',NULL,NULL),(39,'',NULL,NULL,'','MASCULINO',20,'Kaio Campos ','',NULL,NULL),(40,'',NULL,NULL,'','MASCULINO',20,'Leandro Marquezi ','',NULL,NULL),(41,'',NULL,NULL,'','MASCULINO',20,'Leonardo Grossi','',NULL,NULL),(42,'',NULL,NULL,'','FEMININO',20,'Lindalva Soares','',NULL,NULL),(43,'',NULL,NULL,'','FEMININO',20,'Lívia Rozim ','',NULL,NULL),(44,'',NULL,NULL,'','FEMININO',20,' Lú Contato','',NULL,NULL),(45,'',NULL,NULL,'','MASCULINO',20,'Lucas Cirelli','',NULL,NULL),(46,'',NULL,NULL,'','MASCULINO',20,'Luis Guilherme Pepe','',NULL,NULL),(47,'',NULL,NULL,'','FEMININO',20,'Marcela Gomes ','',NULL,NULL),(48,'',NULL,NULL,'','MASCULINO',20,'Marcelo Martins ','',NULL,NULL),(49,'',NULL,NULL,'','MASCULINO',20,'Marcos Renato','',NULL,NULL),(50,'',NULL,NULL,'','MASCULINO',20,'Marcos Vinicius','',NULL,NULL),(51,'',NULL,NULL,'','MASCULINO',20,'Marlon Santos ','',NULL,NULL),(52,'',NULL,NULL,'','MASCULINO',2,'Matheus Secco','',NULL,NULL),(53,'',NULL,NULL,'','MASCULINO',20,'Maurício Chiarati ','',NULL,NULL),(54,'',NULL,NULL,'','MASCULINO',20,'Murilo Gallo','',NULL,NULL),(55,'',NULL,NULL,'','FEMININO',20,' Naiam Figueiredo ','',NULL,NULL),(56,'',NULL,NULL,'','MASCULINO',20,'Nani','',NULL,NULL),(57,'',NULL,NULL,'','MASCULINO',20,'Neto Carloni','',NULL,NULL),(58,'',NULL,NULL,'','MASCULINO',20,'Osmir Francisco','',NULL,NULL),(59,'',NULL,NULL,'','MASCULINO',20,'Paulão','',NULL,NULL),(60,'',NULL,NULL,'','MASCULINO',20,'Paulo Arrais','',NULL,NULL),(61,'',NULL,NULL,'','MASCULINO',20,'Paulo Gaúcho ','',NULL,NULL),(62,'',NULL,NULL,'','FEMININO',20,'Priscila','',NULL,NULL),(63,'',NULL,NULL,'','MASCULINO',20,'Raphael Lyra ','',NULL,NULL),(64,'',NULL,NULL,'','MASCULINO',20,'Renan Lana ','',NULL,NULL),(65,'',NULL,NULL,'','MASCULINO',20,'Renzo Cirelli ','',NULL,NULL),(66,'',NULL,NULL,'','MASCULINO',20,'Ricardo Carvalho','',NULL,NULL),(67,'',NULL,NULL,'','MASCULINO',20,'Ricardo Schimidt','',NULL,NULL),(68,'',NULL,NULL,'','MASCULINO',20,'Rick Soares','',NULL,NULL),(69,'',NULL,NULL,'','MASCULINO',20,'Roberto Lobão ','',NULL,NULL),(70,'',NULL,NULL,'','MASCULINO',20,'Rodrigo Góes','',NULL,NULL),(71,'',NULL,NULL,'','MASCULINO',20,'Rodrigo Pompeu','',NULL,NULL),(72,'',NULL,NULL,'','FEMININO',20,'Sandra Sanches ','',NULL,NULL),(73,'',NULL,NULL,'','MASCULINO',20,'Silvinho','',NULL,NULL),(74,'',NULL,NULL,'','MASCULINO',20,'Thiago Belan','',NULL,NULL),(75,'',NULL,NULL,'','MASCULINO',20,'Tiago Costa','',NULL,NULL),(76,'',NULL,NULL,'','MASCULINO',20,'Tiago Pompeu','',NULL,NULL),(77,'',NULL,NULL,'','MASCULINO',20,'Vagner Guerreiro ','',NULL,NULL),(78,'',NULL,NULL,'','MASCULINO',20,'Wellington Rossi ','',NULL,NULL),(79,'',NULL,NULL,'','FEMININO',20,'Ana Carolina ','',NULL,NULL),(80,'',NULL,NULL,'','MASCULINO',20,'Fábio Berestino','',NULL,NULL),(81,'',NULL,NULL,'','MASCULINO',20,'Fernando Mussolini ','',NULL,NULL),(82,'',NULL,NULL,'','FEMININO',20,'Gabriela Pimenta','',NULL,NULL),(83,'',NULL,NULL,'','MASCULINO',20,'Guilherme Monteiro ','',NULL,NULL),(84,'',NULL,NULL,'','MASCULINO',20,'José Raimundo','',NULL,NULL),(85,'',NULL,NULL,'','MASCULINO',20,'Marco Antonio','',NULL,NULL),(86,'',NULL,NULL,'','MASCULINO',20,'Tiago Moreira','',NULL,NULL),(87,'',NULL,NULL,'','MASCULINO',20,'Vinicius Mesquita','',NULL,NULL),(88,'',NULL,NULL,'','FEMININO',10,'Beatriz Ferreira','',NULL,NULL),(89,'',NULL,NULL,'','MASCULINO',10,'Eduardo Henrique ','',NULL,NULL),(90,'',NULL,NULL,'','MASCULINO',10,'Israel','',NULL,NULL),(91,'',NULL,NULL,'','FEMININO',10,' Lorena Nascimento','',NULL,NULL),(92,'',NULL,NULL,'','FEMININO',10,'Mariana Soares','',NULL,NULL),(93,'',NULL,NULL,'','MASCULINO',10,'Natã Cabelo ','',NULL,NULL),(94,'',NULL,NULL,'','MASCULINO',10,'Pietro','',NULL,NULL),(95,'',NULL,NULL,'','FEMININO',10,'Stella Carloni ','',NULL,NULL),(97,'',NULL,NULL,'','MASCULINO',20,'Deo Kezhan','',NULL,NULL),(98,'',NULL,NULL,'','MASCULINO',30,'Luiz Gustavo do Amaral Correa','',NULL,NULL),(99,'',NULL,NULL,'','MASCULINO',20,'Marcos Moraes','',NULL,NULL),(100,'',NULL,NULL,'','MASCULINO',20,'Binha','',NULL,NULL),(101,'',NULL,NULL,'','MASCULINO',20,'Danilo Duran','',NULL,NULL),(102,'',NULL,NULL,'','MASCULINO',20,'Rodolfo Fiocco','',NULL,NULL),(103,'',NULL,NULL,'','MASCULINO',20,'Nilo Cipriano','',NULL,NULL),(104,'',NULL,NULL,'','MASCULINO',20,'TALES (CAPIVARA)','',NULL,NULL),(105,'',NULL,NULL,'','MASCULINO',20,'Rafael Cruz','',NULL,NULL),(106,'',NULL,NULL,'','FEMININO',10,'Nayara Arrais Serodio','',NULL,NULL),(107,'',NULL,NULL,'','MASCULINO',20,'Alex Saleta','',NULL,NULL),(108,'',NULL,NULL,'','MASCULINO',20,'NATALIA','',NULL,NULL),(109,'',NULL,NULL,'','MASCULINO',2,'Rodrigo Ortega','',NULL,NULL),(110,'',NULL,NULL,'','MASCULINO',40,'João Baldy','',NULL,NULL),(111,'',NULL,NULL,'','MASCULINO',30,'Rafaela Baldy','',NULL,NULL),(112,'',NULL,NULL,'','MASCULINO',30,'Guilherme Garbossa','',NULL,NULL),(113,'',NULL,NULL,'','MASCULINO',30,'Clayton Jr.','',NULL,NULL),(114,'',NULL,NULL,'','MASCULINO',1,'JOÃO FRANCISCO','',NULL,NULL),(115,'',NULL,NULL,'','MASCULINO',1,'GUTO','',NULL,NULL),(116,'',NULL,NULL,'','MASCULINO',1,'João Jardim','',NULL,NULL),(117,'',NULL,NULL,'','MASCULINO',1,'João Botão','',NULL,NULL),(118,'',NULL,NULL,'','MASCULINO',1,'Willian','',NULL,NULL),(119,'',NULL,NULL,'','MASCULINO',1,'RAFAEL GOMES','',NULL,NULL),(120,'',NULL,NULL,'','MASCULINO',1,'JUNINHO LOPES','',NULL,NULL),(121,'',NULL,NULL,'','MASCULINO',1,'VITOR','',NULL,NULL),(122,'',NULL,NULL,'','MASCULINO',1,'Adinael','',NULL,NULL),(123,'',NULL,NULL,'','MASCULINO',1,'Ailton','',NULL,NULL),(124,'',NULL,NULL,'','MASCULINO',20,'Robson França','',NULL,NULL),(125,'',NULL,NULL,'','MASCULINO',20,'Robson Willian','',NULL,NULL),(126,'',NULL,NULL,'','MASCULINO',14,'Bia','',NULL,NULL);
/*!40000 ALTER TABLE `tb_competidor` ENABLE KEYS */;
UNLOCK TABLES;

--
-- Table structure for table `tb_divisao`
--

DROP TABLE IF EXISTS `tb_divisao`;
/*!40101 SET @saved_cs_client     = @@character_set_client */;
/*!40101 SET character_set_client = utf8 */;
CREATE TABLE `tb_divisao` (
  `dv_id` bigint(20) NOT NULL AUTO_INCREMENT,
  `dv_data_alteracao` datetime DEFAULT NULL,
  `dv_idade_final` varchar(2) DEFAULT NULL,
  `dv_idade_inicial` varchar(2) DEFAULT NULL,
  `dv_nome` varchar(60) NOT NULL,
  `dv_observacao` text,
  `dv_tipo_ficha` varchar(15) NOT NULL,
  `dv_campeonato_id` bigint(20) DEFAULT NULL,
  `dv_ocorrencia` bigint(20) DEFAULT NULL,
  `dv_us_alteracao` bigint(20) DEFAULT NULL,
  `dv_qt_fichas_padrao` bigint(20) DEFAULT NULL,
  PRIMARY KEY (`dv_id`),
  KEY `FK_f1gsif6t9n77odxjvv2p7g316` (`dv_campeonato_id`),
  KEY `FK_ald44hvs06tvydib4o4abltbp` (`dv_ocorrencia`),
  KEY `FK_e05adtif8811f9rswna9bev86` (`dv_us_alteracao`),
  CONSTRAINT `FK_ald44hvs06tvydib4o4abltbp` FOREIGN KEY (`dv_ocorrencia`) REFERENCES `tb_ocorrencia` (`oc_id`),
  CONSTRAINT `FK_e05adtif8811f9rswna9bev86` FOREIGN KEY (`dv_us_alteracao`) REFERENCES `tb_usuario` (`us_id`),
  CONSTRAINT `FK_f1gsif6t9n77odxjvv2p7g316` FOREIGN KEY (`dv_campeonato_id`) REFERENCES `tb_campeonato` (`cp_id`)
) ENGINE=InnoDB AUTO_INCREMENT=6 DEFAULT CHARSET=utf8;
/*!40101 SET character_set_client = @saved_cs_client */;

--
-- Dumping data for table `tb_divisao`
--

LOCK TABLES `tb_divisao` WRITE;
/*!40000 ALTER TABLE `tb_divisao` DISABLE KEYS */;
INSERT INTO `tb_divisao` VALUES (1,NULL,'99','0','AMADOR','','INDIVIDUAL',NULL,NULL,NULL,NULL),(2,NULL,'14','0','INCENTIVO','','INDIVIDUAL',NULL,NULL,NULL,NULL),(3,NULL,'99','0','ABERTO','','DUPLA',NULL,NULL,NULL,NULL),(4,NULL,'99','0','AMADOR - DUPLA','','DUPLA',NULL,NULL,NULL,NULL),(5,NULL,'14','0','INCENTIVO - DUPLA','','DUPLA',NULL,NULL,NULL,NULL);
/*!40000 ALTER TABLE `tb_divisao` ENABLE KEYS */;
UNLOCK TABLES;

--
-- Table structure for table `tb_etapa`
--

DROP TABLE IF EXISTS `tb_etapa`;
/*!40101 SET @saved_cs_client     = @@character_set_client */;
/*!40101 SET character_set_client = utf8 */;
CREATE TABLE `tb_etapa` (
  `ep_id` bigint(20) NOT NULL AUTO_INCREMENT,
  `ep_contato_organizador` varchar(120) DEFAULT NULL,
  `ep_data_alteracao` datetime DEFAULT NULL,
  `ep_data_evento` date DEFAULT NULL,
  `ep_data_fim_inscricoes` date DEFAULT NULL,
  `ep_data_inicio_inscricoes` date DEFAULT NULL,
  `ep_local` varchar(150) NOT NULL,
  `ep_nome` varchar(100) NOT NULL,
  `ep_organizador` varchar(100) DEFAULT NULL,
  `ep_campeonato_id` bigint(20) NOT NULL,
  `ep_ocorrencia` bigint(20) DEFAULT NULL,
  `ep_us_alteracao` bigint(20) DEFAULT NULL,
  PRIMARY KEY (`ep_id`),
  KEY `FK_3v6b5it2nkvw82s2h2biy2jcn` (`ep_campeonato_id`),
  KEY `FK_m23dfgd27emi1d99c2iuw20tj` (`ep_ocorrencia`),
  KEY `FK_kuvy6s8i98w7o16dym0rxewwn` (`ep_us_alteracao`),
  CONSTRAINT `FK_3v6b5it2nkvw82s2h2biy2jcn` FOREIGN KEY (`ep_campeonato_id`) REFERENCES `tb_campeonato` (`cp_id`),
  CONSTRAINT `FK_kuvy6s8i98w7o16dym0rxewwn` FOREIGN KEY (`ep_us_alteracao`) REFERENCES `tb_usuario` (`us_id`),
  CONSTRAINT `FK_m23dfgd27emi1d99c2iuw20tj` FOREIGN KEY (`ep_ocorrencia`) REFERENCES `tb_ocorrencia` (`oc_id`)
) ENGINE=InnoDB AUTO_INCREMENT=5 DEFAULT CHARSET=utf8;
/*!40101 SET character_set_client = @saved_cs_client */;

--
-- Dumping data for table `tb_etapa`
--

LOCK TABLES `tb_etapa` WRITE;
/*!40000 ALTER TABLE `tb_etapa` DISABLE KEYS */;
INSERT INTO `tb_etapa` VALUES (1,'',NULL,'2019-08-11','2019-08-11','2019-08-11','Fápil','Toca da Onça','Paulo Arrais',1,NULL,NULL),(2,'',NULL,'2019-09-08','2019-09-08','2019-09-08','LIMEIRA - C.T. RICARDO CARVALHO','C.T. RICARDO CARVALHO','RICARDO',1,NULL,NULL),(3,'',NULL,'2019-11-09',NULL,NULL,'CT RICARDO','CT RICARDO','',2,NULL,NULL),(4,'',NULL,'2019-11-24',NULL,NULL,'HARAS LUANA','FINAL - HARAS LUANA ','Lú Contato',1,NULL,NULL);
/*!40000 ALTER TABLE `tb_etapa` ENABLE KEYS */;
UNLOCK TABLES;

--
-- Table structure for table `tb_ficha_inscricao`
--

DROP TABLE IF EXISTS `tb_ficha_inscricao`;
/*!40101 SET @saved_cs_client     = @@character_set_client */;
/*!40101 SET character_set_client = utf8 */;
CREATE TABLE `tb_ficha_inscricao` (
  `fi_id` bigint(20) NOT NULL AUTO_INCREMENT,
  `fi_cod_ficha` bigint(20) DEFAULT NULL,
  `fi_data_alteracao` datetime DEFAULT NULL,
  `fi_data_inscricao` datetime NOT NULL,
  `fi_observacao` varchar(100) DEFAULT NULL,
  `fi_qnt_fichas` bigint(20) DEFAULT NULL,
  `fi_status_ficha` varchar(15) DEFAULT NULL,
  `fi_valor_comprado` decimal(10,2) NOT NULL,
  `fi_valor_pago` decimal(10,2) DEFAULT NULL,
  `fi_campeonato` bigint(20) NOT NULL,
  `fi_competidor` bigint(20) NOT NULL,
  `fi_divisao` bigint(20) NOT NULL,
  `fi_etapa` bigint(20) NOT NULL,
  `fi_ocorrencia` bigint(20) DEFAULT NULL,
  `fi_passada_id` bigint(20) DEFAULT NULL,
  `fi_us_alteracao` bigint(20) DEFAULT NULL,
  PRIMARY KEY (`fi_id`),
  KEY `FK_2b0xutkjpuw493ckhnbkvya33` (`fi_campeonato`),
  KEY `FK_2d1tvan7gi4j85v0uwjgf7bim` (`fi_competidor`),
  KEY `FK_hsw6rpfwwk1dq539fl128fydh` (`fi_divisao`),
  KEY `FK_kjl29dbf5d9gebvl9pqxc8iwy` (`fi_etapa`),
  KEY `FK_o1036u2o5scr3c5bovf6p1ux4` (`fi_ocorrencia`),
  KEY `FK_8g5pmu3de2j6uav199nje9ibl` (`fi_passada_id`),
  KEY `FK_h0cu45t3i11xvh3i4wqlyr2r1` (`fi_us_alteracao`),
  CONSTRAINT `FK_2b0xutkjpuw493ckhnbkvya33` FOREIGN KEY (`fi_campeonato`) REFERENCES `tb_campeonato` (`cp_id`),
  CONSTRAINT `FK_2d1tvan7gi4j85v0uwjgf7bim` FOREIGN KEY (`fi_competidor`) REFERENCES `tb_competidor` (`cp_id`),
  CONSTRAINT `FK_8g5pmu3de2j6uav199nje9ibl` FOREIGN KEY (`fi_passada_id`) REFERENCES `tb_passada` (`pa_id`),
  CONSTRAINT `FK_h0cu45t3i11xvh3i4wqlyr2r1` FOREIGN KEY (`fi_us_alteracao`) REFERENCES `tb_usuario` (`us_id`),
  CONSTRAINT `FK_hsw6rpfwwk1dq539fl128fydh` FOREIGN KEY (`fi_divisao`) REFERENCES `tb_divisao` (`dv_id`),
  CONSTRAINT `FK_kjl29dbf5d9gebvl9pqxc8iwy` FOREIGN KEY (`fi_etapa`) REFERENCES `tb_etapa` (`ep_id`),
  CONSTRAINT `FK_o1036u2o5scr3c5bovf6p1ux4` FOREIGN KEY (`fi_ocorrencia`) REFERENCES `tb_ocorrencia` (`oc_id`)
) ENGINE=InnoDB AUTO_INCREMENT=964 DEFAULT CHARSET=utf8;
/*!40101 SET character_set_client = @saved_cs_client */;

--
-- Dumping data for table `tb_ficha_inscricao`
--

LOCK TABLES `tb_ficha_inscricao` WRITE;
/*!40000 ALTER TABLE `tb_ficha_inscricao` DISABLE KEYS */;
INSERT INTO `tb_ficha_inscricao` VALUES (1,NULL,NULL,'2019-08-11 00:00:00',NULL,5,'EMORDEM',40.00,40.00,1,12,1,1,NULL,34,NULL),(2,NULL,NULL,'2019-08-11 00:00:00',NULL,5,'EMORDEM',40.00,40.00,1,12,1,1,NULL,58,NULL),(3,NULL,NULL,'2019-08-11 00:00:00',NULL,5,'EMORDEM',40.00,40.00,1,12,1,1,NULL,15,NULL),(4,NULL,NULL,'2019-08-11 00:00:00',NULL,5,'EMORDEM',40.00,40.00,1,12,1,1,NULL,41,NULL),(5,NULL,NULL,'2019-08-11 00:00:00',NULL,5,'EMORDEM',40.00,40.00,1,12,1,1,NULL,22,NULL),(6,NULL,NULL,'2019-08-11 00:00:00',NULL,5,'EMORDEM',40.00,40.00,1,36,1,1,NULL,30,NULL),(7,NULL,NULL,'2019-08-11 00:00:00',NULL,5,'EMORDEM',40.00,40.00,1,36,1,1,NULL,39,NULL),(8,NULL,NULL,'2019-08-11 00:00:00',NULL,5,'EMORDEM',40.00,40.00,1,36,1,1,NULL,16,NULL),(9,NULL,NULL,'2019-08-11 00:00:00',NULL,5,'EMORDEM',40.00,40.00,1,36,1,1,NULL,13,NULL),(10,NULL,NULL,'2019-08-11 00:00:00',NULL,5,'EMORDEM',40.00,40.00,1,36,1,1,NULL,4,NULL),(11,NULL,NULL,'2019-08-11 00:00:00',NULL,5,'EMORDEM',40.00,40.00,1,53,1,1,NULL,50,NULL),(12,NULL,NULL,'2019-08-11 00:00:00',NULL,5,'EMORDEM',40.00,40.00,1,53,1,1,NULL,59,NULL),(13,NULL,NULL,'2019-08-11 00:00:00',NULL,5,'EMORDEM',40.00,40.00,1,53,1,1,NULL,54,NULL),(14,NULL,NULL,'2019-08-11 00:00:00',NULL,5,'EMORDEM',40.00,40.00,1,53,1,1,NULL,46,NULL),(15,NULL,NULL,'2019-08-11 00:00:00',NULL,5,'EMORDEM',40.00,40.00,1,53,1,1,NULL,6,NULL),(16,NULL,NULL,'2019-08-11 00:00:00',NULL,5,'EMORDEM',40.00,0.00,1,65,1,1,NULL,44,NULL),(17,NULL,NULL,'2019-08-11 00:00:00',NULL,5,'EMORDEM',40.00,0.00,1,65,1,1,NULL,59,NULL),(18,NULL,NULL,'2019-08-11 00:00:00',NULL,5,'EMORDEM',40.00,0.00,1,65,1,1,NULL,2,NULL),(19,NULL,NULL,'2019-08-11 00:00:00',NULL,5,'EMORDEM',40.00,0.00,1,65,1,1,NULL,11,NULL),(20,NULL,NULL,'2019-08-11 00:00:00',NULL,5,'EMORDEM',40.00,0.00,1,65,1,1,NULL,34,NULL),(21,NULL,NULL,'2019-08-11 00:00:00',NULL,5,'EMORDEM',40.00,40.00,1,28,1,1,NULL,1,NULL),(22,NULL,NULL,'2019-08-11 00:00:00',NULL,5,'EMORDEM',40.00,40.00,1,28,1,1,NULL,48,NULL),(23,NULL,NULL,'2019-08-11 00:00:00',NULL,5,'EMORDEM',40.00,40.00,1,28,1,1,NULL,9,NULL),(24,NULL,NULL,'2019-08-11 00:00:00',NULL,5,'EMORDEM',40.00,40.00,1,28,1,1,NULL,29,NULL),(25,NULL,NULL,'2019-08-11 00:00:00',NULL,5,'EMORDEM',40.00,40.00,1,28,1,1,NULL,57,NULL),(26,NULL,NULL,'2019-08-11 00:00:00',NULL,5,'EMORDEM',40.00,40.00,1,30,1,1,NULL,49,NULL),(27,NULL,NULL,'2019-08-11 00:00:00',NULL,5,'EMORDEM',40.00,40.00,1,30,1,1,NULL,26,NULL),(28,NULL,NULL,'2019-08-11 00:00:00',NULL,5,'EMORDEM',40.00,40.00,1,30,1,1,NULL,55,NULL),(29,NULL,NULL,'2019-08-11 00:00:00',NULL,5,'EMORDEM',40.00,40.00,1,30,1,1,NULL,5,NULL),(30,NULL,NULL,'2019-08-11 00:00:00',NULL,5,'EMORDEM',40.00,40.00,1,30,1,1,NULL,14,NULL),(31,NULL,NULL,'2019-08-11 00:00:00',NULL,5,'EMORDEM',40.00,40.00,1,50,1,1,NULL,38,NULL),(32,NULL,NULL,'2019-08-11 00:00:00',NULL,5,'EMORDEM',40.00,40.00,1,50,1,1,NULL,4,NULL),(33,NULL,NULL,'2019-08-11 00:00:00',NULL,5,'EMORDEM',40.00,40.00,1,50,1,1,NULL,45,NULL),(34,NULL,NULL,'2019-08-11 00:00:00',NULL,5,'EMORDEM',40.00,40.00,1,50,1,1,NULL,36,NULL),(35,NULL,NULL,'2019-08-11 00:00:00',NULL,5,'EMORDEM',40.00,40.00,1,50,1,1,NULL,50,NULL),(36,NULL,NULL,'2019-08-11 00:00:00',NULL,5,'EMORDEM',40.00,40.00,1,1,1,1,NULL,41,NULL),(37,NULL,NULL,'2019-08-11 00:00:00',NULL,5,'EMORDEM',40.00,40.00,1,1,1,1,NULL,12,NULL),(38,NULL,NULL,'2019-08-11 00:00:00',NULL,5,'EMORDEM',40.00,40.00,1,1,1,1,NULL,53,NULL),(39,NULL,NULL,'2019-08-11 00:00:00',NULL,5,'EMORDEM',40.00,40.00,1,1,1,1,NULL,56,NULL),(40,NULL,NULL,'2019-08-11 00:00:00',NULL,5,'EMORDEM',40.00,40.00,1,1,1,1,NULL,9,NULL),(41,NULL,NULL,'2019-08-11 00:00:00',NULL,5,'EMORDEM',40.00,40.00,1,3,1,1,NULL,17,NULL),(42,NULL,NULL,'2019-08-11 00:00:00',NULL,5,'EMORDEM',40.00,40.00,1,3,1,1,NULL,19,NULL),(43,NULL,NULL,'2019-08-11 00:00:00',NULL,5,'EMORDEM',40.00,40.00,1,3,1,1,NULL,8,NULL),(44,NULL,NULL,'2019-08-11 00:00:00',NULL,5,'EMORDEM',40.00,40.00,1,3,1,1,NULL,42,NULL),(45,NULL,NULL,'2019-08-11 00:00:00',NULL,5,'EMORDEM',40.00,40.00,1,3,1,1,NULL,54,NULL),(46,NULL,NULL,'2019-08-11 00:00:00',NULL,5,'EMORDEM',40.00,40.00,1,21,1,1,NULL,40,NULL),(47,NULL,NULL,'2019-08-11 00:00:00',NULL,5,'EMORDEM',40.00,40.00,1,21,1,1,NULL,25,NULL),(48,NULL,NULL,'2019-08-11 00:00:00',NULL,5,'EMORDEM',40.00,40.00,1,21,1,1,NULL,43,NULL),(49,NULL,NULL,'2019-08-11 00:00:00',NULL,5,'EMORDEM',40.00,40.00,1,21,1,1,NULL,51,NULL),(50,NULL,NULL,'2019-08-11 00:00:00',NULL,5,'EMORDEM',40.00,40.00,1,21,1,1,NULL,12,NULL),(51,NULL,NULL,'2019-08-11 00:00:00',NULL,5,'EMORDEM',40.00,40.00,1,16,1,1,NULL,36,NULL),(52,NULL,NULL,'2019-08-11 00:00:00',NULL,5,'EMORDEM',40.00,40.00,1,16,1,1,NULL,47,NULL),(53,NULL,NULL,'2019-08-11 00:00:00',NULL,5,'EMORDEM',40.00,40.00,1,16,1,1,NULL,27,NULL),(54,NULL,NULL,'2019-08-11 00:00:00',NULL,5,'EMORDEM',40.00,40.00,1,16,1,1,NULL,17,NULL),(55,NULL,NULL,'2019-08-11 00:00:00',NULL,5,'EMORDEM',40.00,40.00,1,16,1,1,NULL,25,NULL),(56,NULL,NULL,'2019-08-11 00:00:00',NULL,5,'EMORDEM',40.00,40.00,1,43,1,1,NULL,55,NULL),(57,NULL,NULL,'2019-08-11 00:00:00',NULL,5,'EMORDEM',40.00,40.00,1,43,1,1,NULL,19,NULL),(58,NULL,NULL,'2019-08-11 00:00:00',NULL,5,'EMORDEM',40.00,40.00,1,43,1,1,NULL,30,NULL),(59,NULL,NULL,'2019-08-11 00:00:00',NULL,5,'EMORDEM',40.00,40.00,1,43,1,1,NULL,21,NULL),(60,NULL,NULL,'2019-08-11 00:00:00',NULL,5,'EMORDEM',40.00,40.00,1,43,1,1,NULL,57,NULL),(61,NULL,NULL,'2019-08-11 00:00:00',NULL,5,'EMORDEM',40.00,40.00,1,27,1,1,NULL,33,NULL),(62,NULL,NULL,'2019-08-11 00:00:00',NULL,5,'EMORDEM',40.00,40.00,1,27,1,1,NULL,13,NULL),(63,NULL,NULL,'2019-08-11 00:00:00',NULL,5,'EMORDEM',40.00,40.00,1,27,1,1,NULL,48,NULL),(64,NULL,NULL,'2019-08-11 00:00:00',NULL,5,'EMORDEM',40.00,40.00,1,27,1,1,NULL,26,NULL),(65,NULL,NULL,'2019-08-11 00:00:00',NULL,5,'EMORDEM',40.00,40.00,1,27,1,1,NULL,37,NULL),(66,NULL,NULL,'2019-08-11 00:00:00',NULL,5,'EMORDEM',40.00,40.00,1,29,1,1,NULL,22,NULL),(67,NULL,NULL,'2019-08-11 00:00:00',NULL,5,'EMORDEM',40.00,40.00,1,29,1,1,NULL,24,NULL),(68,NULL,NULL,'2019-08-11 00:00:00',NULL,5,'EMORDEM',40.00,40.00,1,29,1,1,NULL,39,NULL),(69,NULL,NULL,'2019-08-11 00:00:00',NULL,5,'EMORDEM',40.00,40.00,1,29,1,1,NULL,3,NULL),(70,NULL,NULL,'2019-08-11 00:00:00',NULL,5,'EMORDEM',40.00,40.00,1,29,1,1,NULL,28,NULL),(71,NULL,NULL,'2019-08-11 00:00:00',NULL,5,'EMORDEM',40.00,40.00,1,48,1,1,NULL,44,NULL),(72,NULL,NULL,'2019-08-11 00:00:00',NULL,5,'EMORDEM',40.00,40.00,1,48,1,1,NULL,10,NULL),(73,NULL,NULL,'2019-08-11 00:00:00',NULL,5,'EMORDEM',40.00,40.00,1,48,1,1,NULL,31,NULL),(74,NULL,NULL,'2019-08-11 00:00:00',NULL,5,'EMORDEM',40.00,40.00,1,48,1,1,NULL,33,NULL),(75,NULL,NULL,'2019-08-11 00:00:00',NULL,5,'EMORDEM',40.00,40.00,1,48,1,1,NULL,8,NULL),(76,NULL,NULL,'2019-08-11 00:00:00',NULL,5,'EMORDEM',40.00,40.00,1,60,1,1,NULL,52,NULL),(77,NULL,NULL,'2019-08-11 00:00:00',NULL,5,'EMORDEM',40.00,40.00,1,60,1,1,NULL,16,NULL),(78,NULL,NULL,'2019-08-11 00:00:00',NULL,5,'EMORDEM',40.00,40.00,1,60,1,1,NULL,24,NULL),(79,NULL,NULL,'2019-08-11 00:00:00',NULL,5,'EMORDEM',40.00,40.00,1,60,1,1,NULL,2,NULL),(80,NULL,NULL,'2019-08-11 00:00:00',NULL,5,'EMORDEM',40.00,40.00,1,60,1,1,NULL,38,NULL),(81,NULL,NULL,'2019-08-11 00:00:00',NULL,5,'EMORDEM',40.00,40.00,1,34,1,1,NULL,51,NULL),(82,NULL,NULL,'2019-08-11 00:00:00',NULL,5,'EMORDEM',40.00,40.00,1,34,1,1,NULL,18,NULL),(83,NULL,NULL,'2019-08-11 00:00:00',NULL,5,'EMORDEM',40.00,40.00,1,34,1,1,NULL,28,NULL),(84,NULL,NULL,'2019-08-11 00:00:00',NULL,5,'EMORDEM',40.00,40.00,1,34,1,1,NULL,47,NULL),(85,NULL,NULL,'2019-08-11 00:00:00',NULL,5,'EMORDEM',40.00,40.00,1,34,1,1,NULL,49,NULL),(86,NULL,NULL,'2019-08-11 00:00:00',NULL,5,'EMORDEM',40.00,40.00,1,61,1,1,NULL,23,NULL),(87,NULL,NULL,'2019-08-11 00:00:00',NULL,5,'EMORDEM',40.00,40.00,1,61,1,1,NULL,42,NULL),(88,NULL,NULL,'2019-08-11 00:00:00',NULL,5,'EMORDEM',40.00,40.00,1,61,1,1,NULL,60,NULL),(89,NULL,NULL,'2019-08-11 00:00:00',NULL,5,'EMORDEM',40.00,40.00,1,61,1,1,NULL,27,NULL),(90,NULL,NULL,'2019-08-11 00:00:00',NULL,5,'EMORDEM',40.00,40.00,1,61,1,1,NULL,5,NULL),(96,NULL,NULL,'2019-08-11 00:00:00',NULL,5,'EMORDEM',40.00,40.00,1,22,1,1,NULL,35,NULL),(97,NULL,NULL,'2019-08-11 00:00:00',NULL,5,'EMORDEM',40.00,40.00,1,22,1,1,NULL,6,NULL),(98,NULL,NULL,'2019-08-11 00:00:00',NULL,5,'EMORDEM',40.00,40.00,1,22,1,1,NULL,40,NULL),(99,NULL,NULL,'2019-08-11 00:00:00',NULL,5,'EMORDEM',40.00,40.00,1,22,1,1,NULL,29,NULL),(100,NULL,NULL,'2019-08-11 00:00:00',NULL,5,'EMORDEM',40.00,40.00,1,22,1,1,NULL,18,NULL),(101,NULL,NULL,'2019-08-11 00:00:00',NULL,5,'EMORDEM',40.00,0.00,1,99,1,1,NULL,11,NULL),(102,NULL,NULL,'2019-08-11 00:00:00',NULL,5,'EMORDEM',40.00,0.00,1,99,1,1,NULL,32,NULL),(103,NULL,NULL,'2019-08-11 00:00:00',NULL,5,'EMORDEM',40.00,0.00,1,99,1,1,NULL,23,NULL),(104,NULL,NULL,'2019-08-11 00:00:00',NULL,5,'EMORDEM',40.00,0.00,1,99,1,1,NULL,56,NULL),(105,NULL,NULL,'2019-08-11 00:00:00',NULL,5,'EMORDEM',40.00,0.00,1,99,1,1,NULL,35,NULL),(106,NULL,NULL,'2019-08-11 00:00:00',NULL,5,'EMORDEM',40.00,0.00,1,100,1,1,NULL,21,NULL),(107,NULL,NULL,'2019-08-11 00:00:00',NULL,5,'EMORDEM',40.00,0.00,1,100,1,1,NULL,15,NULL),(108,NULL,NULL,'2019-08-11 00:00:00',NULL,5,'EMORDEM',40.00,0.00,1,100,1,1,NULL,3,NULL),(109,NULL,NULL,'2019-08-11 00:00:00',NULL,5,'EMORDEM',40.00,0.00,1,100,1,1,NULL,53,NULL),(110,NULL,NULL,'2019-08-11 00:00:00',NULL,5,'EMORDEM',40.00,0.00,1,100,1,1,NULL,43,NULL),(116,NULL,NULL,'2019-08-11 00:00:00',NULL,5,'EMORDEM',40.00,40.00,1,101,1,1,NULL,7,NULL),(117,NULL,NULL,'2019-08-11 00:00:00',NULL,5,'EMORDEM',40.00,40.00,1,101,1,1,NULL,10,NULL),(118,NULL,NULL,'2019-08-11 00:00:00',NULL,5,'EMORDEM',40.00,40.00,1,101,1,1,NULL,37,NULL),(119,NULL,NULL,'2019-08-11 00:00:00',NULL,5,'EMORDEM',40.00,40.00,1,101,1,1,NULL,14,NULL),(120,NULL,NULL,'2019-08-11 00:00:00',NULL,5,'EMORDEM',40.00,40.00,1,101,1,1,NULL,1,NULL),(121,NULL,NULL,'2019-08-11 00:00:00',NULL,5,'EMORDEM',40.00,40.00,1,102,1,1,NULL,7,NULL),(122,NULL,NULL,'2019-08-11 00:00:00',NULL,5,'EMORDEM',40.00,40.00,1,102,1,1,NULL,20,NULL),(123,NULL,NULL,'2019-08-11 00:00:00',NULL,5,'EMORDEM',40.00,40.00,1,102,1,1,NULL,45,NULL),(124,NULL,NULL,'2019-08-11 00:00:00',NULL,5,'EMORDEM',40.00,40.00,1,102,1,1,NULL,31,NULL),(125,NULL,NULL,'2019-08-11 00:00:00',NULL,5,'EMORDEM',40.00,40.00,1,102,1,1,NULL,58,NULL),(126,NULL,NULL,'2019-08-11 00:00:00',NULL,5,'EMORDEM',40.00,4.00,1,103,1,1,NULL,46,NULL),(127,NULL,NULL,'2019-08-11 00:00:00',NULL,5,'EMORDEM',40.00,4.00,1,103,1,1,NULL,52,NULL),(128,NULL,NULL,'2019-08-11 00:00:00',NULL,5,'EMORDEM',40.00,4.00,1,103,1,1,NULL,32,NULL),(129,NULL,NULL,'2019-08-11 00:00:00',NULL,5,'EMORDEM',40.00,4.00,1,103,1,1,NULL,20,NULL),(130,NULL,NULL,'2019-08-11 00:00:00',NULL,5,'EMORDEM',40.00,4.00,1,103,1,1,NULL,60,NULL),(131,NULL,NULL,'2019-08-11 00:00:00',NULL,1,'EMORDEM',40.00,0.00,1,36,3,1,NULL,63,NULL),(132,NULL,NULL,'2019-08-11 00:00:00',NULL,1,'EMORDEM',40.00,0.00,1,26,3,1,NULL,63,NULL),(133,NULL,NULL,'2019-08-11 00:00:00',NULL,1,'EMORDEM',40.00,0.00,1,83,3,1,NULL,64,NULL),(134,NULL,NULL,'2019-08-11 00:00:00',NULL,1,'EMORDEM',40.00,0.00,1,56,3,1,NULL,64,NULL),(135,NULL,NULL,'2019-08-11 00:00:00',NULL,1,'EMORDEM',40.00,0.00,1,65,3,1,NULL,65,NULL),(136,NULL,NULL,'2019-08-11 00:00:00',NULL,1,'EMORDEM',40.00,0.00,1,53,3,1,NULL,65,NULL),(137,NULL,NULL,'2019-08-11 00:00:00',NULL,1,'EMORDEM',40.00,0.00,1,60,3,1,NULL,66,NULL),(138,NULL,NULL,'2019-08-11 00:00:00',NULL,1,'EMORDEM',40.00,0.00,1,43,3,1,NULL,66,NULL),(139,NULL,NULL,'2019-08-11 00:00:00',NULL,1,'EMORDEM',40.00,0.00,1,58,3,1,NULL,67,NULL),(140,NULL,NULL,'2019-08-11 00:00:00',NULL,1,'EMORDEM',40.00,0.00,1,83,3,1,NULL,67,NULL),(141,NULL,NULL,'2019-08-11 00:00:00',NULL,1,'EMORDEM',40.00,0.00,1,65,3,1,NULL,68,NULL),(142,NULL,NULL,'2019-08-11 00:00:00',NULL,1,'EMORDEM',40.00,0.00,1,53,3,1,NULL,68,NULL),(143,NULL,NULL,'2019-08-11 00:00:00',NULL,1,'EMORDEM',40.00,0.00,1,18,3,1,NULL,69,NULL),(144,NULL,NULL,'2019-08-11 00:00:00',NULL,1,'EMORDEM',40.00,0.00,1,58,3,1,NULL,69,NULL),(145,NULL,NULL,'2019-08-11 00:00:00',NULL,1,'EMORDEM',40.00,0.00,1,56,3,1,NULL,70,NULL),(146,NULL,NULL,'2019-08-11 00:00:00',NULL,1,'EMORDEM',40.00,0.00,1,56,3,1,NULL,97,NULL),(147,NULL,NULL,'2019-08-11 00:00:00',NULL,1,'EMORDEM',40.00,0.00,1,18,3,1,NULL,70,NULL),(148,NULL,NULL,'2019-08-11 00:00:00',NULL,1,'EMORDEM',40.00,0.00,1,58,3,1,NULL,71,NULL),(149,NULL,NULL,'2019-08-11 00:00:00',NULL,1,'EMORDEM',40.00,0.00,1,65,3,1,NULL,71,NULL),(150,NULL,NULL,'2019-08-11 00:00:00',NULL,1,'EMORDEM',40.00,0.00,1,36,3,1,NULL,72,NULL),(151,NULL,NULL,'2019-08-11 00:00:00',NULL,1,'EMORDEM',40.00,0.00,1,12,3,1,NULL,72,NULL),(152,NULL,NULL,'2019-08-11 00:00:00',NULL,1,'EMORDEM',40.00,0.00,1,36,3,1,NULL,73,NULL),(153,NULL,NULL,'2019-08-11 00:00:00',NULL,1,'EMORDEM',40.00,0.00,1,65,3,1,NULL,73,NULL),(154,NULL,NULL,'2019-08-11 00:00:00',NULL,1,'EMORDEM',40.00,0.00,1,60,3,1,NULL,74,NULL),(155,NULL,NULL,'2019-08-11 00:00:00',NULL,1,'EMORDEM',40.00,0.00,1,103,3,1,NULL,74,NULL),(156,NULL,NULL,'2019-08-11 00:00:00',NULL,1,'EMORDEM',40.00,0.00,1,104,3,1,NULL,75,NULL),(157,NULL,NULL,'2019-08-11 00:00:00',NULL,1,'EMORDEM',40.00,0.00,1,60,3,1,NULL,75,NULL),(158,NULL,NULL,'2019-08-11 00:00:00',NULL,1,'EMORDEM',40.00,0.00,1,36,3,1,NULL,76,NULL),(159,NULL,NULL,'2019-08-11 00:00:00',NULL,1,'EMORDEM',40.00,0.00,1,53,3,1,NULL,76,NULL),(160,NULL,NULL,'2019-08-11 00:00:00',NULL,1,'EMORDEM',40.00,0.00,1,56,3,1,NULL,77,NULL),(161,NULL,NULL,'2019-08-11 00:00:00',NULL,1,'EMORDEM',40.00,0.00,1,58,3,1,NULL,77,NULL),(162,NULL,NULL,'2019-08-11 00:00:00',NULL,1,'EMORDEM',40.00,0.00,1,56,3,1,NULL,78,NULL),(163,NULL,NULL,'2019-08-11 00:00:00',NULL,1,'EMORDEM',40.00,0.00,1,58,3,1,NULL,78,NULL),(164,NULL,NULL,'2019-08-11 00:00:00',NULL,1,'EMORDEM',40.00,0.00,1,28,3,1,NULL,79,NULL),(165,NULL,NULL,'2019-08-11 00:00:00',NULL,1,'EMORDEM',40.00,0.00,1,27,3,1,NULL,79,NULL),(166,NULL,NULL,'2019-08-11 00:00:00',NULL,1,'EMORDEM',40.00,0.00,1,101,3,1,NULL,80,NULL),(167,NULL,NULL,'2019-08-11 00:00:00',NULL,1,'EMORDEM',40.00,0.00,1,97,3,1,NULL,80,NULL),(168,NULL,NULL,'2019-08-11 00:00:00',NULL,1,'EMORDEM',40.00,0.00,1,36,3,1,NULL,81,NULL),(169,NULL,NULL,'2019-08-11 00:00:00',NULL,1,'EMORDEM',40.00,0.00,1,26,3,1,NULL,81,NULL),(170,NULL,NULL,'2019-08-11 00:00:00',NULL,1,'EMORDEM',40.00,0.00,1,101,3,1,NULL,82,NULL),(171,NULL,NULL,'2019-08-11 00:00:00',NULL,1,'EMORDEM',40.00,0.00,1,104,3,1,NULL,82,NULL),(172,NULL,NULL,'2019-08-11 00:00:00',NULL,1,'EMORDEM',40.00,0.00,1,60,3,1,NULL,83,NULL),(173,NULL,NULL,'2019-08-11 00:00:00',NULL,1,'EMORDEM',40.00,0.00,1,58,3,1,NULL,83,NULL),(174,NULL,NULL,'2019-08-11 00:00:00',NULL,1,'EMORDEM',40.00,0.00,1,28,3,1,NULL,84,NULL),(175,NULL,NULL,'2019-08-11 00:00:00',NULL,1,'EMORDEM',40.00,0.00,1,27,3,1,NULL,84,NULL),(176,NULL,NULL,'2019-08-11 00:00:00',NULL,1,'EMORDEM',40.00,0.00,1,104,3,1,NULL,85,NULL),(177,NULL,NULL,'2019-08-11 00:00:00',NULL,1,'EMORDEM',40.00,0.00,1,22,3,1,NULL,85,NULL),(178,NULL,NULL,'2019-08-11 00:00:00',NULL,1,'EMORDEM',40.00,0.00,1,60,3,1,NULL,86,NULL),(179,NULL,NULL,'2019-08-11 00:00:00',NULL,1,'EMORDEM',40.00,0.00,1,58,3,1,NULL,86,NULL),(180,NULL,NULL,'2019-08-11 00:00:00',NULL,1,'EMORDEM',40.00,0.00,1,28,3,1,NULL,87,NULL),(181,NULL,NULL,'2019-08-11 00:00:00',NULL,1,'EMORDEM',40.00,0.00,1,43,3,1,NULL,87,NULL),(182,NULL,NULL,'2019-08-11 00:00:00',NULL,1,'EMORDEM',40.00,0.00,1,53,3,1,NULL,88,NULL),(183,NULL,NULL,'2019-08-11 00:00:00',NULL,1,'EMORDEM',40.00,0.00,1,26,3,1,NULL,88,NULL),(184,NULL,NULL,'2019-08-11 00:00:00',NULL,1,'EMORDEM',40.00,0.00,1,58,3,1,NULL,89,NULL),(185,NULL,NULL,'2019-08-11 00:00:00',NULL,1,'EMORDEM',40.00,0.00,1,22,3,1,NULL,89,NULL),(186,NULL,NULL,'2019-08-11 00:00:00',NULL,1,'EMORDEM',40.00,0.00,1,56,3,1,NULL,90,NULL),(187,NULL,NULL,'2019-08-11 00:00:00',NULL,1,'EMORDEM',40.00,0.00,1,18,3,1,NULL,90,NULL),(188,NULL,NULL,'2019-08-11 00:00:00',NULL,1,'EMORDEM',40.00,0.00,1,60,3,1,NULL,91,NULL),(189,NULL,NULL,'2019-08-11 00:00:00',NULL,1,'EMORDEM',40.00,0.00,1,97,3,1,NULL,91,NULL),(190,NULL,NULL,'2019-08-11 00:00:00',NULL,1,'EMORDEM',40.00,0.00,1,58,3,1,NULL,92,NULL),(191,NULL,NULL,'2019-08-11 00:00:00',NULL,1,'EMORDEM',40.00,0.00,1,22,3,1,NULL,92,NULL),(192,NULL,NULL,'2019-08-11 00:00:00',NULL,1,'EMORDEM',40.00,0.00,1,43,3,1,NULL,93,NULL),(193,NULL,NULL,'2019-08-11 00:00:00',NULL,1,'EMORDEM',40.00,0.00,1,97,3,1,NULL,93,NULL),(194,NULL,NULL,'2019-08-11 00:00:00',NULL,1,'EMORDEM',40.00,0.00,1,18,3,1,NULL,94,NULL),(195,NULL,NULL,'2019-08-11 00:00:00',NULL,1,'EMORDEM',40.00,0.00,1,65,3,1,NULL,94,NULL),(196,NULL,NULL,'2019-08-11 00:00:00',NULL,1,'EMORDEM',40.00,0.00,1,27,3,1,NULL,95,NULL),(197,NULL,NULL,'2019-08-11 00:00:00',NULL,1,'EMORDEM',40.00,0.00,1,58,3,1,NULL,95,NULL),(198,NULL,NULL,'2019-08-11 00:00:00',NULL,1,'EMORDEM',40.00,0.00,1,56,3,1,NULL,96,NULL),(199,NULL,NULL,'2019-08-11 00:00:00',NULL,1,'EMORDEM',40.00,0.00,1,83,3,1,NULL,96,NULL),(200,NULL,NULL,'2019-08-11 00:00:00',NULL,1,'EMORDEM',40.00,0.00,1,56,3,1,NULL,98,NULL),(201,NULL,NULL,'2019-08-11 00:00:00',NULL,1,'EMORDEM',40.00,0.00,1,68,3,1,NULL,97,NULL),(202,NULL,NULL,'2019-08-11 00:00:00',NULL,1,'EMORDEM',40.00,0.00,1,68,3,1,NULL,98,NULL),(203,NULL,NULL,'2019-08-11 00:00:00',NULL,1,'EMORDEM',40.00,0.00,1,18,3,1,NULL,99,NULL),(204,NULL,NULL,'2019-08-11 00:00:00',NULL,1,'EMORDEM',40.00,40.00,1,61,3,1,NULL,99,NULL),(205,NULL,NULL,'2019-08-11 00:00:00',NULL,1,'EMORDEM',40.00,0.00,1,56,3,1,NULL,100,NULL),(206,NULL,NULL,'2019-08-11 00:00:00',NULL,1,'EMORDEM',40.00,0.00,1,61,3,1,NULL,100,NULL),(207,NULL,NULL,'2019-08-11 00:00:00',NULL,1,'EMORDEM',40.00,0.00,1,105,3,1,NULL,101,NULL),(208,NULL,NULL,'2019-08-11 00:00:00',NULL,1,'EMORDEM',40.00,0.00,1,61,3,1,NULL,101,NULL),(209,NULL,NULL,'2019-08-11 00:00:00',NULL,1,'EMORDEM',40.00,0.00,1,105,3,1,NULL,102,NULL),(210,NULL,NULL,'2019-08-11 00:00:00',NULL,1,'EMORDEM',40.00,0.00,1,34,3,1,NULL,102,NULL),(211,NULL,NULL,'2019-08-11 00:00:00',NULL,1,'EMORDEM',40.00,0.00,1,105,3,1,NULL,103,NULL),(212,NULL,NULL,'2019-08-11 00:00:00',NULL,1,'EMORDEM',40.00,0.00,1,34,3,1,NULL,103,NULL),(213,NULL,NULL,'2019-08-11 00:00:00',NULL,1,'EMORDEM',40.00,0.00,1,83,3,1,NULL,104,NULL),(214,NULL,NULL,'2019-08-11 00:00:00',NULL,1,'EMORDEM',40.00,0.00,1,105,3,1,NULL,104,NULL),(215,NULL,NULL,'2019-08-11 00:00:00',NULL,1,'EMORDEM',40.00,0.00,1,18,3,1,NULL,105,NULL),(216,NULL,NULL,'2019-08-11 00:00:00',NULL,1,'EMORDEM',40.00,0.00,1,105,3,1,NULL,105,NULL),(217,NULL,NULL,'2019-08-11 00:00:00',NULL,1,'EMORDEM',40.00,0.00,1,105,3,1,NULL,106,NULL),(218,NULL,NULL,'2019-08-11 00:00:00',NULL,1,'EMORDEM',40.00,0.00,1,56,3,1,NULL,106,NULL),(219,NULL,NULL,'2019-08-11 00:00:00',NULL,1,'EMORDEM',40.00,0.00,1,105,3,1,NULL,107,NULL),(220,NULL,NULL,'2019-08-11 00:00:00',NULL,1,'EMORDEM',40.00,0.00,1,83,3,1,NULL,107,NULL),(221,NULL,NULL,'2019-08-11 00:00:00',NULL,1,'EMORDEM',40.00,0.00,1,39,3,1,NULL,108,NULL),(222,NULL,NULL,'2019-08-11 00:00:00',NULL,1,'EMORDEM',40.00,0.00,1,18,3,1,NULL,108,NULL),(223,NULL,NULL,'2019-08-11 00:00:00',NULL,1,'EMORDEM',40.00,0.00,1,39,3,1,NULL,109,NULL),(224,NULL,NULL,'2019-08-11 00:00:00',NULL,1,'EMORDEM',40.00,0.00,1,58,3,1,NULL,109,NULL),(225,NULL,NULL,'2019-08-11 00:00:00',NULL,1,'EMORDEM',40.00,0.00,1,39,3,1,NULL,110,NULL),(226,NULL,NULL,'2019-08-11 00:00:00',NULL,1,'EMORDEM',40.00,0.00,1,58,3,1,NULL,110,NULL),(227,NULL,NULL,'2019-08-11 00:00:00',NULL,1,'EMORDEM',40.00,0.00,1,39,3,1,NULL,111,NULL),(228,NULL,NULL,'2019-08-11 00:00:00',NULL,1,'EMORDEM',40.00,0.00,1,105,3,1,NULL,111,NULL),(229,NULL,NULL,'2019-08-11 00:00:00',NULL,1,'EMORDEM',40.00,0.00,1,39,3,1,NULL,112,NULL),(230,NULL,NULL,'2019-08-11 00:00:00',NULL,1,'EMORDEM',40.00,0.00,1,56,3,1,NULL,112,NULL),(231,NULL,NULL,'2019-08-11 00:00:00',NULL,1,'EMORDEM',40.00,0.00,1,39,3,1,NULL,113,NULL),(232,NULL,NULL,'2019-08-11 00:00:00',NULL,1,'EMORDEM',40.00,0.00,1,56,3,1,NULL,113,NULL),(233,NULL,NULL,'2019-08-11 00:00:00',NULL,1,'EMORDEM',40.00,0.00,1,60,3,1,NULL,114,NULL),(234,NULL,NULL,'2019-08-11 00:00:00',NULL,1,'EMORDEM',40.00,0.00,1,22,3,1,NULL,114,NULL),(235,NULL,NULL,'2019-08-11 00:00:00',NULL,1,'EMORDEM',40.00,0.00,1,60,3,1,NULL,115,NULL),(236,NULL,NULL,'2019-08-11 00:00:00',NULL,1,'EMORDEM',40.00,0.00,1,34,3,1,NULL,116,NULL),(237,NULL,NULL,'2019-08-11 00:00:00',NULL,1,'EMORDEM',40.00,0.00,1,61,3,1,NULL,116,NULL),(238,NULL,NULL,'2019-08-11 00:00:00',NULL,1,'EMORDEM',40.00,0.00,1,60,3,1,NULL,117,NULL),(239,NULL,NULL,'2019-08-11 00:00:00',NULL,1,'EMORDEM',40.00,0.00,1,43,3,1,NULL,117,NULL),(240,NULL,NULL,'2019-08-11 00:00:00',NULL,1,'CADASTRADA',40.00,0.00,1,60,3,1,NULL,NULL,NULL),(241,NULL,NULL,'2019-08-11 00:00:00',NULL,1,'EMORDEM',40.00,0.00,1,43,3,1,NULL,118,NULL),(242,NULL,NULL,'2019-08-11 00:00:00',NULL,1,'EMORDEM',40.00,0.00,1,97,3,1,NULL,119,NULL),(243,NULL,NULL,'2019-08-11 00:00:00',NULL,1,'EMORDEM',40.00,0.00,1,50,3,1,NULL,119,NULL),(244,NULL,NULL,'2019-08-11 00:00:00',NULL,1,'EMORDEM',40.00,0.00,1,53,3,1,NULL,120,NULL),(245,NULL,NULL,'2019-08-11 00:00:00',NULL,1,'EMORDEM',40.00,0.00,1,50,3,1,NULL,120,NULL),(246,NULL,NULL,'2019-08-11 00:00:00',NULL,1,'EMORDEM',40.00,0.00,1,26,3,1,NULL,121,NULL),(247,NULL,NULL,'2019-08-11 00:00:00',NULL,1,'EMORDEM',40.00,0.00,1,50,3,1,NULL,121,NULL),(248,NULL,NULL,'2019-08-11 00:00:00',NULL,1,'EMORDEM',40.00,0.00,1,22,3,1,NULL,122,NULL),(249,NULL,NULL,'2019-08-11 00:00:00',NULL,1,'EMORDEM',40.00,0.00,1,60,3,1,NULL,122,NULL),(250,NULL,NULL,'2019-08-11 00:00:00',NULL,1,'EMORDEM',40.00,0.00,1,12,3,1,NULL,123,NULL),(251,NULL,NULL,'2019-08-11 00:00:00',NULL,1,'EMORDEM',40.00,0.00,1,26,3,1,NULL,123,NULL),(252,NULL,NULL,'2019-08-11 00:00:00',NULL,1,'EMORDEM',40.00,0.00,1,50,3,1,NULL,124,NULL),(253,NULL,NULL,'2019-08-11 00:00:00',NULL,1,'EMORDEM',40.00,0.00,1,61,3,1,NULL,124,NULL),(254,NULL,NULL,'2019-08-11 00:00:00',NULL,1,'EMORDEM',40.00,0.00,1,65,3,1,NULL,125,NULL),(255,NULL,NULL,'2019-08-11 00:00:00',NULL,1,'EMORDEM',40.00,0.00,1,58,3,1,NULL,125,NULL),(256,NULL,NULL,'2019-08-11 00:00:00',NULL,1,'EMORDEM',40.00,NULL,1,22,3,1,NULL,115,NULL),(257,NULL,NULL,'2019-08-11 00:00:00',NULL,1,'EMORDEM',40.00,0.00,1,107,3,1,NULL,118,NULL),(258,NULL,NULL,'2019-08-11 00:00:00',NULL,1,'EMORDEM',40.00,0.00,1,60,3,1,NULL,126,NULL),(259,NULL,NULL,'2019-08-11 00:00:00',NULL,1,'EMORDEM',40.00,0.00,1,106,3,1,NULL,126,NULL),(260,NULL,NULL,'2019-08-11 00:00:00',NULL,1,'EMORDEM',40.00,0.00,1,60,3,1,NULL,127,NULL),(261,NULL,NULL,'2019-08-11 00:00:00',NULL,1,'EMORDEM',40.00,0.00,1,106,3,1,NULL,127,NULL),(262,NULL,NULL,'2019-08-11 00:00:00',NULL,1,'EMORDEM',0.40,0.00,1,102,3,1,NULL,128,NULL),(263,NULL,NULL,'2019-08-11 00:00:00',NULL,1,'EMORDEM',40.00,NULL,1,60,3,1,NULL,128,NULL),(264,NULL,NULL,'2019-08-11 00:00:00',NULL,1,'EMORDEM',0.40,0.00,1,102,3,1,NULL,129,NULL),(265,NULL,NULL,'2019-08-11 00:00:00',NULL,1,'EMORDEM',40.00,0.00,1,101,3,1,NULL,129,NULL),(266,NULL,NULL,'2019-08-11 00:00:00',NULL,1,'EMORDEM',4.00,0.00,1,102,3,1,NULL,130,NULL),(267,NULL,NULL,'2019-08-11 00:00:00',NULL,1,'EMORDEM',0.04,NULL,1,101,3,1,NULL,130,NULL),(268,NULL,NULL,'2019-08-11 00:00:00',NULL,1,'EMORDEM',0.40,NULL,1,22,3,1,NULL,131,NULL),(269,NULL,NULL,'2019-08-11 00:00:00',NULL,1,'EMORDEM',0.20,NULL,1,97,3,1,NULL,131,NULL),(270,NULL,NULL,'2019-08-11 00:00:00',NULL,1,'EMORDEM',0.40,NULL,1,22,3,1,NULL,132,NULL),(271,NULL,NULL,'2019-08-11 00:00:00',NULL,1,'EMORDEM',0.01,NULL,1,103,3,1,NULL,132,NULL),(272,NULL,NULL,'2019-08-11 00:00:00',NULL,1,'EMORDEM',0.40,NULL,1,22,3,1,NULL,133,NULL),(273,NULL,NULL,'2019-08-11 00:00:00',NULL,1,'EMORDEM',0.02,NULL,1,43,3,1,NULL,133,NULL),(274,NULL,NULL,'2019-08-11 00:00:00',NULL,1,'EMORDEM',0.01,NULL,1,22,3,1,NULL,134,NULL),(275,NULL,NULL,'2019-08-11 00:00:00',NULL,1,'EMORDEM',0.40,NULL,1,101,3,1,NULL,134,NULL),(276,NULL,NULL,'2019-08-11 00:00:00',NULL,1,'EMORDEM',0.40,NULL,1,22,3,1,NULL,135,NULL),(277,NULL,NULL,'2019-08-11 00:00:00',NULL,1,'EMORDEM',0.40,NULL,1,101,3,1,NULL,135,NULL),(278,NULL,NULL,'2019-08-11 00:00:00',NULL,1,'EMORDEM',0.40,NULL,1,22,3,1,NULL,136,NULL),(279,NULL,NULL,'2019-08-11 00:00:00',NULL,1,'EMORDEM',0.40,NULL,1,39,3,1,NULL,136,NULL),(280,NULL,NULL,'2019-08-11 00:00:00',NULL,1,'EMORDEM',0.40,NULL,1,22,3,1,NULL,137,NULL),(281,NULL,NULL,'2019-08-11 00:00:00',NULL,1,'EMORDEM',0.10,NULL,1,28,3,1,NULL,137,NULL),(282,NULL,NULL,'2019-08-11 00:00:00',NULL,1,'EMORDEM',0.40,0.00,1,53,3,1,NULL,138,NULL),(283,NULL,NULL,'2019-08-11 00:00:00',NULL,1,'EMORDEM',0.40,NULL,1,22,3,1,NULL,138,NULL),(284,NULL,NULL,'2019-08-11 00:00:00',NULL,1,'EMORDEM',0.40,NULL,1,50,3,1,NULL,139,NULL),(285,NULL,NULL,'2019-08-11 00:00:00',NULL,1,'EMORDEM',0.40,NULL,1,39,3,1,NULL,139,NULL),(286,NULL,NULL,'2019-08-11 00:00:00',NULL,1,'EMORDEM',0.40,0.00,1,22,3,1,NULL,140,NULL),(287,NULL,NULL,'2019-08-11 00:00:00',NULL,1,'EMORDEM',0.40,NULL,1,26,3,1,NULL,140,NULL),(288,NULL,NULL,'2019-08-11 00:00:00',NULL,1,'EMORDEM',0.40,NULL,1,101,3,1,NULL,141,NULL),(289,NULL,NULL,'2019-08-11 00:00:00',NULL,1,'EMORDEM',0.01,NULL,1,27,3,1,NULL,141,NULL),(290,NULL,NULL,'2019-08-11 00:00:00',NULL,1,'EMORDEM',0.40,NULL,1,60,3,1,NULL,142,NULL),(291,NULL,NULL,'2019-08-11 00:00:00',NULL,1,'EMORDEM',0.01,NULL,1,107,3,1,NULL,142,NULL),(292,NULL,NULL,'2019-08-11 00:00:00',NULL,1,'EMORDEM',0.01,0.00,1,60,3,1,NULL,143,NULL),(293,NULL,NULL,'2019-08-11 00:00:00',NULL,1,'EMORDEM',0.40,0.00,1,107,3,1,NULL,143,NULL),(294,NULL,NULL,'2019-08-11 00:00:00',NULL,1,'EMORDEM',0.40,0.00,1,97,3,1,NULL,144,NULL),(295,NULL,NULL,'2019-08-11 00:00:00',NULL,1,'EMORDEM',0.40,0.00,1,108,3,1,NULL,144,NULL),(296,NULL,NULL,'2019-09-08 00:00:00',NULL,5,'EMORDEM',40.00,0.00,1,65,1,2,NULL,193,NULL),(297,NULL,NULL,'2019-09-08 00:00:00',NULL,5,'EMORDEM',40.00,0.00,1,65,1,2,NULL,180,NULL),(298,NULL,NULL,'2019-09-08 00:00:00',NULL,5,'EMORDEM',40.00,0.00,1,65,1,2,NULL,148,NULL),(299,NULL,NULL,'2019-09-08 00:00:00',NULL,5,'EMORDEM',40.00,0.00,1,65,1,2,NULL,145,NULL),(300,NULL,NULL,'2019-09-08 00:00:00',NULL,5,'EMORDEM',40.00,0.00,1,65,1,2,NULL,155,NULL),(301,NULL,NULL,'2019-09-08 00:00:00',NULL,5,'EMORDEM',40.00,0.00,1,53,1,2,NULL,182,NULL),(302,NULL,NULL,'2019-09-08 00:00:00',NULL,5,'EMORDEM',40.00,0.00,1,53,1,2,NULL,170,NULL),(303,NULL,NULL,'2019-09-08 00:00:00',NULL,5,'EMORDEM',40.00,0.00,1,53,1,2,NULL,196,NULL),(304,NULL,NULL,'2019-09-08 00:00:00',NULL,5,'EMORDEM',40.00,0.00,1,53,1,2,NULL,173,NULL),(305,NULL,NULL,'2019-09-08 00:00:00',NULL,5,'EMORDEM',40.00,0.00,1,53,1,2,NULL,176,NULL),(306,NULL,NULL,'2019-09-08 00:00:00',NULL,5,'EMORDEM',40.00,0.00,1,36,1,2,NULL,188,NULL),(307,NULL,NULL,'2019-09-08 00:00:00',NULL,5,'EMORDEM',40.00,0.00,1,36,1,2,NULL,173,NULL),(308,NULL,NULL,'2019-09-08 00:00:00',NULL,5,'EMORDEM',40.00,0.00,1,36,1,2,NULL,163,NULL),(309,NULL,NULL,'2019-09-08 00:00:00',NULL,5,'EMORDEM',40.00,0.00,1,36,1,2,NULL,192,NULL),(310,NULL,NULL,'2019-09-08 00:00:00',NULL,5,'EMORDEM',40.00,0.00,1,36,1,2,NULL,155,NULL),(311,NULL,NULL,'2019-09-08 00:00:00',NULL,5,'EMORDEM',40.00,0.00,1,37,1,2,NULL,167,NULL),(312,NULL,NULL,'2019-09-08 00:00:00',NULL,5,'EMORDEM',40.00,0.00,1,37,1,2,NULL,196,NULL),(313,NULL,NULL,'2019-09-08 00:00:00',NULL,5,'EMORDEM',40.00,0.00,1,37,1,2,NULL,151,NULL),(314,NULL,NULL,'2019-09-08 00:00:00',NULL,5,'EMORDEM',40.00,0.00,1,37,1,2,NULL,184,NULL),(315,NULL,NULL,'2019-09-08 00:00:00',NULL,5,'EMORDEM',40.00,0.00,1,37,1,2,NULL,177,NULL),(316,NULL,NULL,'2019-09-08 00:00:00',NULL,5,'EMORDEM',40.00,0.00,1,12,1,2,NULL,146,NULL),(317,NULL,NULL,'2019-09-08 00:00:00',NULL,5,'EMORDEM',40.00,0.00,1,12,1,2,NULL,164,NULL),(318,NULL,NULL,'2019-09-08 00:00:00',NULL,5,'EMORDEM',40.00,0.00,1,12,1,2,NULL,159,NULL),(319,NULL,NULL,'2019-09-08 00:00:00',NULL,5,'EMORDEM',40.00,0.00,1,12,1,2,NULL,171,NULL),(320,NULL,NULL,'2019-09-08 00:00:00',NULL,5,'EMORDEM',40.00,0.00,1,12,1,2,NULL,178,NULL),(321,NULL,NULL,'2019-09-08 00:00:00',NULL,5,'EMORDEM',40.00,NULL,1,43,1,2,NULL,168,NULL),(322,NULL,NULL,'2019-09-08 00:00:00',NULL,5,'EMORDEM',40.00,NULL,1,43,1,2,NULL,174,NULL),(323,NULL,NULL,'2019-09-08 00:00:00',NULL,5,'EMORDEM',40.00,NULL,1,43,1,2,NULL,157,NULL),(324,NULL,NULL,'2019-09-08 00:00:00',NULL,5,'EMORDEM',40.00,NULL,1,43,1,2,NULL,197,NULL),(325,NULL,NULL,'2019-09-08 00:00:00',NULL,5,'EMORDEM',40.00,NULL,1,43,1,2,NULL,176,NULL),(326,NULL,NULL,'2019-09-08 00:00:00',NULL,5,'EMORDEM',40.00,0.00,1,22,1,2,NULL,191,NULL),(327,NULL,NULL,'2019-09-08 00:00:00',NULL,5,'EMORDEM',40.00,0.00,1,22,1,2,NULL,168,NULL),(328,NULL,NULL,'2019-09-08 00:00:00',NULL,5,'EMORDEM',40.00,0.00,1,22,1,2,NULL,156,NULL),(329,NULL,NULL,'2019-09-08 00:00:00',NULL,5,'EMORDEM',40.00,0.00,1,22,1,2,NULL,172,NULL),(330,NULL,NULL,'2019-09-08 00:00:00',NULL,5,'EMORDEM',40.00,0.00,1,22,1,2,NULL,162,NULL),(331,NULL,NULL,'2019-09-08 00:00:00',NULL,5,'EMORDEM',40.00,0.00,1,60,1,2,NULL,177,NULL),(332,NULL,NULL,'2019-09-08 00:00:00',NULL,5,'EMORDEM',40.00,0.00,1,60,1,2,NULL,194,NULL),(333,NULL,NULL,'2019-09-08 00:00:00',NULL,5,'EMORDEM',40.00,0.00,1,60,1,2,NULL,146,NULL),(334,NULL,NULL,'2019-09-08 00:00:00',NULL,5,'EMORDEM',40.00,0.00,1,60,1,2,NULL,157,NULL),(335,NULL,NULL,'2019-09-08 00:00:00',NULL,5,'EMORDEM',40.00,0.00,1,60,1,2,NULL,161,NULL),(336,NULL,NULL,'2019-09-08 00:00:00',NULL,5,'EMORDEM',40.00,0.00,1,41,1,2,NULL,148,NULL),(337,NULL,NULL,'2019-09-08 00:00:00',NULL,5,'EMORDEM',40.00,0.00,1,41,1,2,NULL,150,NULL),(338,NULL,NULL,'2019-09-08 00:00:00',NULL,5,'EMORDEM',40.00,0.00,1,41,1,2,NULL,187,NULL),(339,NULL,NULL,'2019-09-08 00:00:00',NULL,5,'EMORDEM',40.00,0.00,1,41,1,2,NULL,181,NULL),(340,NULL,NULL,'2019-09-08 00:00:00',NULL,5,'EMORDEM',40.00,0.00,1,41,1,2,NULL,174,NULL),(341,NULL,NULL,'2019-09-08 00:00:00',NULL,5,'EMORDEM',40.00,0.00,1,103,1,2,NULL,172,NULL),(342,NULL,NULL,'2019-09-08 00:00:00',NULL,5,'EMORDEM',40.00,0.00,1,103,1,2,NULL,158,NULL),(343,NULL,NULL,'2019-09-08 00:00:00',NULL,5,'EMORDEM',40.00,0.00,1,103,1,2,NULL,193,NULL),(344,NULL,NULL,'2019-09-08 00:00:00',NULL,5,'EMORDEM',40.00,0.00,1,103,1,2,NULL,164,NULL),(345,NULL,NULL,'2019-09-08 00:00:00',NULL,5,'EMORDEM',40.00,0.00,1,103,1,2,NULL,188,NULL),(346,NULL,NULL,'2019-09-08 00:00:00',NULL,5,'EMORDEM',40.00,0.00,1,4,1,2,NULL,153,NULL),(347,NULL,NULL,'2019-09-08 00:00:00',NULL,5,'EMORDEM',40.00,0.00,1,4,1,2,NULL,167,NULL),(348,NULL,NULL,'2019-09-08 00:00:00',NULL,5,'EMORDEM',40.00,0.00,1,4,1,2,NULL,159,NULL),(349,NULL,NULL,'2019-09-08 00:00:00',NULL,5,'EMORDEM',40.00,0.00,1,4,1,2,NULL,186,NULL),(350,NULL,NULL,'2019-09-08 00:00:00',NULL,5,'EMORDEM',40.00,0.00,1,4,1,2,NULL,165,NULL),(351,NULL,NULL,'2019-09-08 00:00:00',NULL,5,'EMORDEM',40.00,0.00,1,71,1,2,NULL,183,NULL),(352,NULL,NULL,'2019-09-08 00:00:00',NULL,5,'EMORDEM',40.00,0.00,1,71,1,2,NULL,149,NULL),(353,NULL,NULL,'2019-09-08 00:00:00',NULL,5,'EMORDEM',40.00,0.00,1,71,1,2,NULL,147,NULL),(354,NULL,NULL,'2019-09-08 00:00:00',NULL,5,'EMORDEM',40.00,0.00,1,71,1,2,NULL,161,NULL),(355,NULL,NULL,'2019-09-08 00:00:00',NULL,5,'EMORDEM',40.00,0.00,1,71,1,2,NULL,153,NULL),(356,NULL,NULL,'2019-09-08 00:00:00',NULL,5,'EMORDEM',40.00,NULL,1,76,1,2,NULL,151,NULL),(357,NULL,NULL,'2019-09-08 00:00:00',NULL,5,'EMORDEM',40.00,NULL,1,76,1,2,NULL,185,NULL),(358,NULL,NULL,'2019-09-08 00:00:00',NULL,5,'EMORDEM',40.00,NULL,1,76,1,2,NULL,163,NULL),(359,NULL,NULL,'2019-09-08 00:00:00',NULL,5,'EMORDEM',40.00,NULL,1,76,1,2,NULL,189,NULL),(360,NULL,NULL,'2019-09-08 00:00:00',NULL,5,'EMORDEM',40.00,NULL,1,76,1,2,NULL,195,NULL),(361,NULL,NULL,'2019-09-08 00:00:00',NULL,5,'EMORDEM',40.00,NULL,1,27,1,2,NULL,183,NULL),(362,NULL,NULL,'2019-09-08 00:00:00',NULL,5,'EMORDEM',40.00,NULL,1,27,1,2,NULL,179,NULL),(363,NULL,NULL,'2019-09-08 00:00:00',NULL,5,'EMORDEM',40.00,NULL,1,27,1,2,NULL,185,NULL),(364,NULL,NULL,'2019-09-08 00:00:00',NULL,5,'EMORDEM',40.00,NULL,1,27,1,2,NULL,162,NULL),(365,NULL,NULL,'2019-09-08 00:00:00',NULL,5,'EMORDEM',40.00,NULL,1,27,1,2,NULL,150,NULL),(366,NULL,NULL,'2019-09-08 00:00:00',NULL,5,'EMORDEM',40.00,0.00,1,44,1,2,NULL,166,NULL),(367,NULL,NULL,'2019-09-08 00:00:00',NULL,5,'EMORDEM',40.00,0.00,1,44,1,2,NULL,186,NULL),(368,NULL,NULL,'2019-09-08 00:00:00',NULL,5,'EMORDEM',40.00,0.00,1,44,1,2,NULL,160,NULL),(369,NULL,NULL,'2019-09-08 00:00:00',NULL,5,'EMORDEM',40.00,0.00,1,44,1,2,NULL,184,NULL),(370,NULL,NULL,'2019-09-08 00:00:00',NULL,5,'EMORDEM',40.00,0.00,1,44,1,2,NULL,195,NULL),(371,NULL,NULL,'2019-09-08 00:00:00',NULL,5,'EMORDEM',40.00,0.00,1,28,1,2,NULL,179,NULL),(372,NULL,NULL,'2019-09-08 00:00:00',NULL,5,'EMORDEM',40.00,0.00,1,28,1,2,NULL,175,NULL),(373,NULL,NULL,'2019-09-08 00:00:00',NULL,5,'EMORDEM',40.00,0.00,1,28,1,2,NULL,187,NULL),(374,NULL,NULL,'2019-09-08 00:00:00',NULL,5,'EMORDEM',40.00,0.00,1,28,1,2,NULL,154,NULL),(375,NULL,NULL,'2019-09-08 00:00:00',NULL,5,'EMORDEM',40.00,0.00,1,28,1,2,NULL,152,NULL),(376,NULL,NULL,'2019-09-08 00:00:00',NULL,5,'EMORDEM',40.00,0.00,1,34,1,2,NULL,190,NULL),(377,NULL,NULL,'2019-09-08 00:00:00',NULL,5,'EMORDEM',40.00,0.00,1,34,1,2,NULL,171,NULL),(378,NULL,NULL,'2019-09-08 00:00:00',NULL,5,'EMORDEM',40.00,0.00,1,34,1,2,NULL,165,NULL),(379,NULL,NULL,'2019-09-08 00:00:00',NULL,5,'EMORDEM',40.00,0.00,1,34,1,2,NULL,149,NULL),(380,NULL,NULL,'2019-09-08 00:00:00',NULL,5,'EMORDEM',40.00,0.00,1,34,1,2,NULL,175,NULL),(381,NULL,NULL,'2019-09-08 00:00:00',NULL,5,'EMORDEM',40.00,0.00,1,75,1,2,NULL,145,NULL),(382,NULL,NULL,'2019-09-08 00:00:00',NULL,5,'EMORDEM',40.00,0.00,1,75,1,2,NULL,189,NULL),(383,NULL,NULL,'2019-09-08 00:00:00',NULL,5,'EMORDEM',40.00,0.00,1,75,1,2,NULL,181,NULL),(384,NULL,NULL,'2019-09-08 00:00:00',NULL,5,'EMORDEM',40.00,0.00,1,75,1,2,NULL,147,NULL),(385,NULL,NULL,'2019-09-08 00:00:00',NULL,5,'EMORDEM',40.00,0.00,1,75,1,2,NULL,170,NULL),(386,NULL,NULL,'2019-09-08 00:00:00',NULL,5,'EMORDEM',40.00,0.00,1,7,1,2,NULL,152,NULL),(387,NULL,NULL,'2019-09-08 00:00:00',NULL,5,'EMORDEM',40.00,0.00,1,7,1,2,NULL,194,NULL),(388,NULL,NULL,'2019-09-08 00:00:00',NULL,5,'EMORDEM',40.00,0.00,1,7,1,2,NULL,166,NULL),(389,NULL,NULL,'2019-09-08 00:00:00',NULL,5,'EMORDEM',40.00,0.00,1,7,1,2,NULL,180,NULL),(390,NULL,NULL,'2019-09-08 00:00:00',NULL,5,'EMORDEM',40.00,0.00,1,7,1,2,NULL,190,NULL),(391,NULL,NULL,'2019-09-08 00:00:00',NULL,5,'EMORDEM',40.00,0.00,1,70,1,2,NULL,169,NULL),(392,NULL,NULL,'2019-09-08 00:00:00',NULL,5,'EMORDEM',40.00,0.00,1,70,1,2,NULL,156,NULL),(393,NULL,NULL,'2019-09-08 00:00:00',NULL,5,'EMORDEM',40.00,0.00,1,70,1,2,NULL,182,NULL),(394,NULL,NULL,'2019-09-08 00:00:00',NULL,5,'EMORDEM',40.00,0.00,1,70,1,2,NULL,192,NULL),(395,NULL,NULL,'2019-09-08 00:00:00',NULL,5,'EMORDEM',40.00,0.00,1,70,1,2,NULL,154,NULL),(396,NULL,NULL,'2019-09-08 00:00:00',NULL,5,'EMORDEM',40.00,0.00,1,109,1,2,NULL,158,NULL),(397,NULL,NULL,'2019-09-08 00:00:00',NULL,5,'EMORDEM',40.00,0.00,1,109,1,2,NULL,169,NULL),(398,NULL,NULL,'2019-09-08 00:00:00',NULL,5,'EMORDEM',40.00,0.00,1,109,1,2,NULL,191,NULL),(399,NULL,NULL,'2019-09-08 00:00:00',NULL,5,'EMORDEM',40.00,0.00,1,109,1,2,NULL,178,NULL),(400,NULL,NULL,'2019-09-08 00:00:00',NULL,5,'EMORDEM',40.00,0.00,1,109,1,2,NULL,160,NULL),(401,NULL,NULL,'2019-09-08 00:00:00',' (Sorteada)',1,'EMORDEM',1.00,1.00,1,4,1,2,NULL,197,NULL),(403,NULL,NULL,'2019-09-08 00:00:00',NULL,1,'EMORDEM',40.00,0.00,1,39,3,2,NULL,198,NULL),(404,NULL,NULL,'2019-09-08 00:00:00',NULL,3,'EMORDEM',40.00,0.00,1,37,3,2,NULL,198,NULL),(405,NULL,NULL,'2019-09-08 00:00:00',NULL,3,'EMORDEM',40.00,0.00,1,37,3,2,NULL,199,NULL),(406,NULL,NULL,'2019-09-08 00:00:00',NULL,3,'EMORDEM',40.00,0.00,1,37,3,2,NULL,200,NULL),(407,NULL,NULL,'2019-09-08 00:00:00',NULL,1,'EMORDEM',40.00,0.00,1,65,3,2,NULL,199,NULL),(408,NULL,NULL,'2019-09-08 00:00:00',NULL,1,'EMORDEM',40.00,0.00,1,53,3,2,NULL,200,NULL),(409,NULL,NULL,'2019-09-08 00:00:00',NULL,1,'EMORDEM',40.00,0.00,1,43,3,2,NULL,201,NULL),(410,NULL,NULL,'2019-09-08 00:00:00',NULL,1,'EMORDEM',40.00,0.00,1,97,3,2,NULL,201,NULL),(411,NULL,NULL,'2019-09-08 00:00:00',NULL,1,'EMORDEM',40.00,0.00,1,60,3,2,NULL,204,NULL),(412,NULL,NULL,'2019-09-08 00:00:00',NULL,1,'EMORDEM',40.00,0.00,1,97,3,2,NULL,204,NULL),(413,NULL,NULL,'2019-09-08 00:00:00',NULL,1,'EMORDEM',40.00,0.00,1,22,3,2,NULL,205,NULL),(414,NULL,NULL,'2019-09-08 00:00:00',NULL,1,'EMORDEM',40.00,0.00,1,43,3,2,NULL,205,NULL),(415,NULL,NULL,'2019-09-08 00:00:00',NULL,1,'EMORDEM',40.00,0.00,1,60,3,2,NULL,206,NULL),(416,NULL,NULL,'2019-09-08 00:00:00',NULL,1,'EMORDEM',40.00,0.00,1,58,3,2,NULL,206,NULL),(417,NULL,NULL,'2019-09-08 00:00:00',NULL,1,'EMORDEM',40.00,NULL,1,60,3,2,NULL,207,NULL),(418,NULL,NULL,'2019-09-08 00:00:00',NULL,1,'EMORDEM',40.00,0.00,1,43,3,2,NULL,207,NULL),(419,NULL,NULL,'2019-09-08 00:00:00',NULL,1,'EMORDEM',40.00,0.00,1,22,3,2,NULL,208,NULL),(420,NULL,NULL,'2019-09-08 00:00:00',NULL,1,'EMORDEM',40.00,0.00,1,60,3,2,NULL,208,NULL),(421,NULL,NULL,'2019-09-08 00:00:00',NULL,1,'EMORDEM',40.00,0.00,1,60,3,2,NULL,209,NULL),(422,NULL,NULL,'2019-09-08 00:00:00',NULL,1,'EMORDEM',40.00,0.00,1,43,3,2,NULL,209,NULL),(423,NULL,NULL,'2019-09-08 00:00:00',NULL,1,'EMORDEM',40.00,0.00,1,22,3,2,NULL,210,NULL),(424,NULL,NULL,'2019-09-08 00:00:00',NULL,1,'EMORDEM',40.00,0.00,1,60,3,2,NULL,210,NULL),(425,NULL,NULL,'2019-09-08 00:00:00',NULL,1,'EMORDEM',40.00,0.00,1,58,3,2,NULL,211,NULL),(426,NULL,NULL,'2019-09-08 00:00:00',NULL,1,'EMORDEM',40.00,NULL,1,74,3,2,NULL,211,NULL),(427,NULL,NULL,'2019-09-08 00:00:00',NULL,1,'EMORDEM',40.00,0.00,1,22,3,2,NULL,212,NULL),(428,NULL,NULL,'2019-09-08 00:00:00',NULL,1,'EMORDEM',40.00,0.00,1,58,3,2,NULL,212,NULL),(429,NULL,NULL,'2019-09-08 00:00:00',NULL,1,'EMORDEM',40.00,0.00,1,22,3,2,NULL,213,NULL),(430,NULL,NULL,'2019-09-08 00:00:00',NULL,1,'EMORDEM',40.00,0.00,1,43,3,2,NULL,213,NULL),(431,NULL,NULL,'2019-09-08 00:00:00',NULL,1,'EMORDEM',40.00,0.00,1,22,3,2,NULL,214,NULL),(432,NULL,NULL,'2019-09-08 00:00:00',NULL,1,'EMORDEM',40.00,0.00,1,58,3,2,NULL,214,NULL),(433,NULL,NULL,'2019-09-08 00:00:00',NULL,1,'EMORDEM',40.00,0.00,1,22,3,2,NULL,215,NULL),(434,NULL,NULL,'2019-09-08 00:00:00',NULL,1,'EMORDEM',40.00,0.00,1,97,3,2,NULL,215,NULL),(435,NULL,NULL,'2019-09-08 00:00:00',NULL,1,'EMORDEM',40.00,0.00,1,58,3,2,NULL,216,NULL),(436,NULL,NULL,'2019-09-08 00:00:00',NULL,1,'EMORDEM',40.00,NULL,1,66,3,2,NULL,216,NULL),(437,NULL,NULL,'2019-09-08 00:00:00',NULL,1,'EMORDEM',40.00,0.00,1,39,3,2,NULL,217,NULL),(438,NULL,NULL,'2019-09-08 00:00:00',NULL,1,'EMORDEM',40.00,0.00,1,65,3,2,NULL,217,NULL),(439,NULL,NULL,'2019-09-08 00:00:00',NULL,2,'EMORDEM',40.00,0.00,1,65,3,2,NULL,218,NULL),(440,NULL,NULL,'2019-09-08 00:00:00',NULL,2,'EMORDEM',40.00,0.00,1,65,3,2,NULL,219,NULL),(441,NULL,NULL,'2019-09-08 00:00:00',NULL,1,'EMORDEM',40.00,0.00,1,39,3,2,NULL,218,NULL),(442,NULL,NULL,'2019-09-08 00:00:00',NULL,1,'EMORDEM',40.00,0.00,1,58,3,2,NULL,219,NULL),(443,NULL,NULL,'2019-09-08 00:00:00',NULL,3,'EMORDEM',40.00,0.00,1,36,3,2,NULL,220,NULL),(444,NULL,NULL,'2019-09-08 00:00:00',NULL,3,'EMORDEM',40.00,0.00,1,36,3,2,NULL,221,NULL),(445,NULL,NULL,'2019-09-08 00:00:00',NULL,3,'EMORDEM',40.00,0.00,1,36,3,2,NULL,222,NULL),(446,NULL,NULL,'2019-09-08 00:00:00',NULL,2,'EMORDEM',40.00,0.00,1,39,3,2,NULL,220,NULL),(447,NULL,NULL,'2019-09-08 00:00:00',NULL,2,'EMORDEM',40.00,0.00,1,39,3,2,NULL,221,NULL),(448,NULL,NULL,'2019-09-08 00:00:00',NULL,1,'EMORDEM',40.00,0.00,1,53,3,2,NULL,222,NULL),(449,NULL,NULL,'2019-09-08 00:00:00',NULL,2,'EMORDEM',40.00,0.00,1,110,3,2,NULL,225,NULL),(450,NULL,NULL,'2019-09-08 00:00:00',NULL,2,'EMORDEM',40.00,0.00,1,110,3,2,NULL,226,NULL),(451,NULL,NULL,'2019-09-08 00:00:00',NULL,2,'EMORDEM',40.00,0.00,1,111,3,2,NULL,225,NULL),(452,NULL,NULL,'2019-09-08 00:00:00',NULL,2,'EMORDEM',40.00,0.00,1,111,3,2,NULL,227,NULL),(453,NULL,NULL,'2019-09-08 00:00:00',NULL,2,'EMORDEM',40.00,0.00,1,66,3,2,NULL,226,NULL),(454,NULL,NULL,'2019-09-08 00:00:00',NULL,2,'EMORDEM',40.00,0.00,1,66,3,2,NULL,227,NULL),(455,NULL,NULL,'2019-09-08 00:00:00',NULL,2,'EMORDEM',40.00,0.00,1,39,3,2,NULL,228,NULL),(456,NULL,NULL,'2019-09-08 00:00:00',NULL,2,'EMORDEM',40.00,0.00,1,39,3,2,NULL,229,NULL),(457,NULL,NULL,'2019-09-08 00:00:00',NULL,1,'EMORDEM',40.00,0.00,1,66,3,2,NULL,228,NULL),(458,NULL,NULL,'2019-09-08 00:00:00',NULL,1,'EMORDEM',40.00,0.00,1,58,3,2,NULL,229,NULL),(459,NULL,NULL,'2019-09-08 00:00:00',NULL,1,'EMORDEM',40.00,NULL,1,39,3,2,NULL,230,NULL),(460,NULL,NULL,'2019-09-08 00:00:00',NULL,1,'EMORDEM',40.00,NULL,1,56,3,2,NULL,230,NULL),(461,NULL,NULL,'2019-09-08 00:00:00',NULL,1,'EMORDEM',40.00,0.00,1,27,3,2,NULL,231,NULL),(462,NULL,NULL,'2019-09-08 00:00:00',NULL,1,'EMORDEM',40.00,0.00,1,28,3,2,NULL,231,NULL),(463,NULL,NULL,'2019-09-08 00:00:00',NULL,1,'EMORDEM',40.00,0.00,1,28,3,2,NULL,232,NULL),(464,NULL,NULL,'2019-09-08 00:00:00',NULL,1,'EMORDEM',40.00,NULL,1,27,3,2,NULL,232,NULL),(465,NULL,NULL,'2019-09-08 00:00:00',NULL,1,'EMORDEM',40.00,0.00,1,66,3,2,NULL,233,NULL),(466,NULL,NULL,'2019-09-08 00:00:00',NULL,1,'EMORDEM',40.00,0.00,1,65,3,2,NULL,233,NULL),(467,NULL,NULL,'2019-09-08 00:00:00',NULL,1,'EMORDEM',40.00,0.00,1,28,3,2,NULL,234,NULL),(468,NULL,NULL,'2019-09-08 00:00:00',NULL,1,'EMORDEM',40.00,0.00,1,43,3,2,NULL,234,NULL),(469,NULL,NULL,'2019-09-08 00:00:00',NULL,1,'EMORDEM',40.00,0.00,1,58,3,2,NULL,235,NULL),(470,NULL,NULL,'2019-09-08 00:00:00',NULL,1,'EMORDEM',40.00,0.00,1,56,3,2,NULL,235,NULL),(471,NULL,NULL,'2019-09-08 00:00:00',NULL,1,'EMORDEM',40.00,0.00,1,56,3,2,NULL,236,NULL),(472,NULL,NULL,'2019-09-08 00:00:00',NULL,1,'EMORDEM',40.00,0.00,1,83,3,2,NULL,236,NULL),(473,NULL,NULL,'2019-09-08 00:00:00',NULL,1,'EMORDEM',40.00,0.00,1,56,3,2,NULL,237,NULL),(474,NULL,NULL,'2019-09-08 00:00:00',NULL,1,'EMORDEM',40.00,0.00,1,39,3,2,NULL,237,NULL),(475,NULL,NULL,'2019-09-08 00:00:00',NULL,1,'EMORDEM',40.00,0.00,1,58,3,2,NULL,238,NULL),(476,NULL,NULL,'2019-09-08 00:00:00',NULL,1,'EMORDEM',40.00,0.00,1,56,3,2,NULL,238,NULL),(477,NULL,NULL,'2019-09-08 00:00:00',NULL,1,'EMORDEM',40.00,0.00,1,83,3,2,NULL,239,NULL),(478,NULL,NULL,'2019-09-08 00:00:00',NULL,1,'EMORDEM',40.00,0.00,1,112,3,2,NULL,239,NULL),(479,NULL,NULL,'2019-09-08 00:00:00',NULL,1,'EMORDEM',40.00,0.00,1,105,3,2,NULL,240,NULL),(480,NULL,NULL,'2019-09-08 00:00:00',NULL,1,'EMORDEM',40.00,0.00,1,112,3,2,NULL,240,NULL),(481,NULL,NULL,'2019-09-08 00:00:00',NULL,1,'EMORDEM',40.00,0.00,1,27,3,2,NULL,241,NULL),(482,NULL,NULL,'2019-09-08 00:00:00',NULL,1,'EMORDEM',40.00,0.00,1,58,3,2,NULL,241,NULL),(483,NULL,NULL,'2019-09-08 00:00:00',NULL,1,'EMORDEM',40.00,0.00,1,113,3,2,NULL,242,NULL),(484,NULL,NULL,'2019-09-08 00:00:00',NULL,1,'EMORDEM',40.00,0.00,1,56,3,2,NULL,242,NULL),(485,NULL,NULL,'2019-09-08 00:00:00',NULL,1,'EMORDEM',40.00,0.00,1,113,3,2,NULL,243,NULL),(486,NULL,NULL,'2019-09-08 00:00:00',NULL,1,'EMORDEM',40.00,0.00,1,83,3,2,NULL,243,NULL),(487,NULL,NULL,'2019-09-08 00:00:00',NULL,1,'EMORDEM',40.00,0.00,1,113,3,2,NULL,244,NULL),(488,NULL,NULL,'2019-09-08 00:00:00',NULL,1,'EMORDEM',40.00,0.00,1,83,3,2,NULL,244,NULL),(489,NULL,NULL,'2019-09-08 00:00:00',NULL,1,'EMORDEM',40.00,0.00,1,113,3,2,NULL,245,NULL),(490,NULL,NULL,'2019-09-08 00:00:00',NULL,1,'EMORDEM',40.00,0.00,1,56,3,2,NULL,245,NULL),(491,NULL,NULL,'2019-09-08 00:00:00',NULL,1,'EMORDEM',40.00,0.00,1,113,3,2,NULL,246,NULL),(492,NULL,NULL,'2019-09-08 00:00:00',NULL,1,'EMORDEM',40.00,0.00,1,112,3,2,NULL,246,NULL),(493,NULL,NULL,'2019-09-08 00:00:00',NULL,1,'EMORDEM',40.00,0.00,1,65,3,2,NULL,247,NULL),(494,NULL,NULL,'2019-09-08 00:00:00',NULL,1,'EMORDEM',40.00,0.00,1,53,3,2,NULL,247,NULL),(495,NULL,NULL,'2019-09-08 00:00:00',NULL,1,'EMORDEM',40.00,0.00,1,113,3,2,NULL,248,NULL),(496,NULL,NULL,'2019-09-08 00:00:00',NULL,1,'EMORDEM',40.00,0.00,1,53,3,2,NULL,249,NULL),(497,NULL,NULL,'2019-09-08 00:00:00',NULL,1,'EMORDEM',40.00,0.00,1,12,3,2,NULL,249,NULL),(498,NULL,NULL,'2019-09-08 00:00:00',NULL,1,'EMORDEM',40.00,0.00,1,105,3,2,NULL,250,NULL),(499,NULL,NULL,'2019-09-08 00:00:00',NULL,1,'EMORDEM',40.00,0.00,1,83,3,2,NULL,250,NULL),(500,NULL,NULL,'2019-09-08 00:00:00',NULL,1,'EMORDEM',40.00,0.00,1,105,3,2,NULL,251,NULL),(501,NULL,NULL,'2019-09-08 00:00:00',NULL,1,'EMORDEM',40.00,0.00,1,34,3,2,NULL,251,NULL),(502,NULL,NULL,'2019-09-08 00:00:00',NULL,1,'EMORDEM',40.00,0.00,1,39,3,2,NULL,252,NULL),(503,NULL,NULL,'2019-09-08 00:00:00',NULL,1,'EMORDEM',40.00,0.00,1,12,3,2,NULL,252,NULL),(504,NULL,NULL,'2019-09-08 00:00:00',NULL,1,'EMORDEM',40.00,0.00,1,112,3,2,NULL,253,NULL),(505,NULL,NULL,'2019-09-08 00:00:00',NULL,1,'EMORDEM',40.00,0.00,1,75,3,2,NULL,253,NULL),(506,NULL,NULL,'2019-09-08 00:00:00',NULL,1,'EMORDEM',40.00,0.00,1,75,3,2,NULL,254,NULL),(507,NULL,NULL,'2019-09-08 00:00:00',NULL,1,'EMORDEM',40.00,0.00,1,105,3,2,NULL,254,NULL),(508,NULL,NULL,'2019-09-08 00:00:00',NULL,1,'EMORDEM',40.00,0.00,1,105,3,2,NULL,255,NULL),(509,NULL,NULL,'2019-09-08 00:00:00',NULL,1,'EMORDEM',40.00,0.00,1,112,3,2,NULL,255,NULL),(510,NULL,NULL,'2019-09-08 00:00:00',NULL,1,'EMORDEM',40.00,0.00,1,12,3,2,NULL,256,NULL),(511,NULL,NULL,'2019-09-08 00:00:00',NULL,1,'EMORDEM',40.00,0.00,1,34,3,2,NULL,256,NULL),(512,NULL,NULL,'2019-09-08 00:00:00',NULL,1,'EMORDEM',40.00,0.00,1,41,3,2,NULL,257,NULL),(513,NULL,NULL,'2019-09-08 00:00:00',NULL,1,'EMORDEM',40.00,0.00,1,4,3,2,NULL,257,NULL),(514,NULL,NULL,'2019-09-08 00:00:00',NULL,1,'EMORDEM',40.00,0.00,1,66,3,2,NULL,258,NULL),(515,NULL,NULL,'2019-09-08 00:00:00',NULL,1,'EMORDEM',40.00,0.00,1,60,3,2,NULL,258,NULL),(516,NULL,NULL,'2019-09-08 00:00:00',NULL,1,'EMORDEM',40.00,0.00,1,109,3,2,NULL,294,NULL),(517,NULL,NULL,'2019-09-08 00:00:00',NULL,1,'EMORDEM',40.00,0.00,1,71,3,2,NULL,259,NULL),(518,NULL,NULL,'2019-09-08 00:00:00',NULL,1,'EMORDEM',40.00,0.00,1,70,3,2,NULL,259,NULL),(519,NULL,NULL,'2019-09-08 00:00:00',NULL,1,'EMORDEM',40.00,0.00,1,58,3,2,NULL,260,NULL),(520,NULL,NULL,'2019-09-08 00:00:00',NULL,1,'EMORDEM',40.00,0.00,1,4,3,2,NULL,260,NULL),(521,NULL,NULL,'2019-09-08 00:00:00',NULL,1,'EMORDEM',40.00,0.00,1,70,3,2,NULL,294,NULL),(522,NULL,NULL,'2019-09-08 00:00:00',NULL,1,'EMORDEM',40.00,0.00,1,74,3,2,NULL,295,NULL),(523,NULL,NULL,'2019-09-08 00:00:00',NULL,1,'EMORDEM',40.00,0.00,1,7,3,2,NULL,262,NULL),(524,NULL,NULL,'2019-09-08 00:00:00',NULL,1,'EMORDEM',40.00,0.00,1,109,3,2,NULL,262,NULL),(525,NULL,NULL,'2019-09-08 00:00:00',NULL,1,'EMORDEM',40.00,0.00,1,7,3,2,NULL,263,NULL),(526,NULL,NULL,'2019-09-08 00:00:00',NULL,1,'EMORDEM',40.00,0.00,1,70,3,2,NULL,263,NULL),(527,NULL,NULL,'2019-09-08 00:00:00',NULL,1,'EMORDEM',40.00,0.00,1,34,3,2,NULL,264,NULL),(528,NULL,NULL,'2019-09-08 00:00:00',NULL,1,'EMORDEM',40.00,0.00,1,56,3,2,NULL,264,NULL),(529,NULL,NULL,'2019-09-08 00:00:00',NULL,1,'EMORDEM',40.00,0.00,1,53,3,2,NULL,265,NULL),(530,NULL,NULL,'2019-09-08 00:00:00',NULL,1,'EMORDEM',40.00,0.00,1,65,3,2,NULL,265,NULL),(531,NULL,NULL,'2019-09-08 00:00:00',NULL,1,'EMORDEM',40.00,0.00,1,83,3,2,NULL,266,NULL),(532,NULL,NULL,'2019-09-08 00:00:00',NULL,1,'EMORDEM',40.00,0.00,1,105,3,2,NULL,266,NULL),(533,NULL,NULL,'2019-09-08 00:00:00',NULL,1,'EMORDEM',40.00,0.00,1,34,3,2,NULL,267,NULL),(534,NULL,NULL,'2019-09-08 00:00:00',NULL,1,'EMORDEM',40.00,0.00,1,113,3,2,NULL,267,NULL),(535,NULL,NULL,'2019-09-08 00:00:00',NULL,1,'EMORDEM',40.00,0.00,1,53,3,2,NULL,268,NULL),(536,NULL,NULL,'2019-09-08 00:00:00',NULL,1,'EMORDEM',40.00,0.00,1,39,3,2,NULL,268,NULL),(537,NULL,NULL,'2019-09-08 00:00:00',NULL,1,'EMORDEM',40.00,0.00,1,34,3,2,NULL,269,NULL),(538,NULL,NULL,'2019-09-08 00:00:00',NULL,1,'EMORDEM',40.00,0.00,1,75,3,2,NULL,269,NULL),(539,NULL,NULL,'2019-09-08 00:00:00',NULL,1,'EMORDEM',40.00,0.00,1,34,3,2,NULL,270,NULL),(540,NULL,NULL,'2019-09-08 00:00:00',NULL,1,'EMORDEM',40.00,0.00,1,105,3,2,NULL,270,NULL),(541,NULL,NULL,'2019-09-08 00:00:00',NULL,1,'EMORDEM',40.00,0.00,1,97,3,2,NULL,271,NULL),(542,NULL,NULL,'2019-09-08 00:00:00',NULL,1,'EMORDEM',40.00,0.00,1,103,3,2,NULL,271,NULL),(543,NULL,NULL,'2019-09-08 00:00:00',NULL,1,'EMORDEM',40.00,0.00,1,66,3,2,NULL,296,NULL),(544,NULL,NULL,'2019-09-08 00:00:00',NULL,1,'EMORDEM',40.00,0.00,1,41,3,2,NULL,297,NULL),(545,NULL,NULL,'2019-09-08 00:00:00',NULL,1,'EMORDEM',40.00,0.00,1,59,3,2,NULL,273,NULL),(546,NULL,NULL,'2019-09-08 00:00:00',NULL,1,'EMORDEM',40.00,0.00,1,44,3,2,NULL,273,NULL),(547,NULL,NULL,'2019-09-08 00:00:00',NULL,1,'EMORDEM',40.00,0.00,1,52,3,2,NULL,274,NULL),(548,NULL,NULL,'2019-09-08 00:00:00',NULL,1,'EMORDEM',40.00,0.00,1,59,3,2,NULL,274,NULL),(549,NULL,NULL,'2019-09-08 00:00:00',NULL,1,'EMORDEM',40.00,0.00,1,52,3,2,NULL,275,NULL),(550,NULL,NULL,'2019-09-08 00:00:00',NULL,1,'EMORDEM',40.00,0.00,1,59,3,2,NULL,275,NULL),(551,NULL,NULL,'2019-09-08 00:00:00',NULL,1,'EMORDEM',40.00,0.00,1,10,3,2,NULL,276,NULL),(552,NULL,NULL,'2019-09-08 00:00:00',NULL,1,'EMORDEM',40.00,0.00,1,59,3,2,NULL,276,NULL),(553,NULL,NULL,'2019-09-08 00:00:00',NULL,1,'EMORDEM',40.00,0.00,1,10,3,2,NULL,277,NULL),(554,NULL,NULL,'2019-09-08 00:00:00',NULL,1,'EMORDEM',40.00,0.00,1,59,3,2,NULL,277,NULL),(555,NULL,NULL,'2019-09-08 00:00:00',NULL,1,'EMORDEM',40.00,0.00,1,52,3,2,NULL,278,NULL),(556,NULL,NULL,'2019-09-08 00:00:00',NULL,1,'EMORDEM',40.00,0.00,1,10,3,2,NULL,278,NULL),(557,NULL,NULL,'2019-09-08 00:00:00',NULL,1,'EMORDEM',40.00,0.00,1,52,3,2,NULL,279,NULL),(558,NULL,NULL,'2019-09-08 00:00:00',NULL,1,'EMORDEM',40.00,0.00,1,10,3,2,NULL,279,NULL),(559,NULL,NULL,'2019-09-08 00:00:00',NULL,1,'EMORDEM',40.00,0.00,1,52,3,2,NULL,280,NULL),(560,NULL,NULL,'2019-09-08 00:00:00',NULL,1,'EMORDEM',40.00,0.00,1,44,3,2,NULL,280,NULL),(561,NULL,NULL,'2019-09-08 00:00:00',NULL,1,'EMORDEM',40.00,0.00,1,10,3,2,NULL,281,NULL),(562,NULL,NULL,'2019-09-08 00:00:00',NULL,1,'EMORDEM',40.00,0.00,1,44,3,2,NULL,281,NULL),(563,NULL,NULL,'2019-09-08 00:00:00',NULL,1,'EMORDEM',40.00,NULL,1,105,3,2,NULL,248,NULL),(564,NULL,NULL,'2019-09-08 00:00:00',NULL,1,'EMORDEM',40.00,0.00,1,105,3,2,NULL,282,NULL),(565,NULL,NULL,'2019-09-08 00:00:00',NULL,1,'EMORDEM',40.00,0.00,1,56,3,2,NULL,282,NULL),(566,NULL,NULL,'2019-09-08 00:00:00',NULL,1,'EMORDEM',40.00,0.00,1,71,3,2,NULL,283,NULL),(567,NULL,NULL,'2019-09-08 00:00:00',NULL,1,'EMORDEM',40.00,0.00,1,7,3,2,NULL,283,NULL),(568,NULL,NULL,'2019-09-08 00:00:00',NULL,1,'EMORDEM',40.00,0.00,1,76,3,2,NULL,284,NULL),(569,NULL,NULL,'2019-09-08 00:00:00',NULL,1,'EMORDEM',40.00,0.00,1,71,3,2,NULL,284,NULL),(570,NULL,NULL,'2019-09-08 00:00:00',NULL,1,'EMORDEM',40.00,0.00,1,105,3,2,NULL,285,NULL),(571,NULL,NULL,'2019-09-08 00:00:00',NULL,1,'EMORDEM',40.00,0.00,1,113,3,2,NULL,285,NULL),(572,NULL,NULL,'2019-09-08 00:00:00',NULL,1,'EMORDEM',40.00,0.00,1,74,3,2,NULL,286,NULL),(573,NULL,NULL,'2019-09-08 00:00:00',NULL,1,'EMORDEM',40.00,0.00,1,70,3,2,NULL,286,NULL),(574,NULL,NULL,'2019-09-08 00:00:00',NULL,1,'EMORDEM',40.00,0.00,1,7,3,2,NULL,287,NULL),(575,NULL,NULL,'2019-09-08 00:00:00',NULL,1,'EMORDEM',40.00,0.00,1,74,3,2,NULL,287,NULL),(576,NULL,NULL,'2019-09-08 00:00:00',NULL,1,'EMORDEM',40.00,0.00,1,70,3,2,NULL,288,NULL),(577,NULL,NULL,'2019-09-08 00:00:00',NULL,1,'EMORDEM',40.00,NULL,1,74,3,2,NULL,288,NULL),(578,NULL,NULL,'2019-09-08 00:00:00',NULL,1,'EMORDEM',40.00,0.00,1,28,3,2,NULL,289,NULL),(579,NULL,NULL,'2019-09-08 00:00:00',NULL,1,'EMORDEM',40.00,0.00,1,22,3,2,NULL,289,NULL),(580,NULL,NULL,'2019-09-08 00:00:00',NULL,1,'EMORDEM',40.00,0.00,1,7,3,2,NULL,290,NULL),(581,NULL,NULL,'2019-09-08 00:00:00',NULL,1,'EMORDEM',40.00,0.00,1,74,3,2,NULL,290,NULL),(582,NULL,NULL,'2019-09-08 00:00:00',NULL,1,'EMORDEM',40.00,0.00,1,76,3,2,NULL,291,NULL),(583,NULL,NULL,'2019-09-08 00:00:00',NULL,1,'EMORDEM',40.00,0.00,1,71,3,2,NULL,291,NULL),(584,NULL,NULL,'2019-09-08 00:00:00',NULL,1,'EMORDEM',40.00,0.00,1,76,3,2,NULL,292,NULL),(585,NULL,NULL,'2019-09-08 00:00:00',NULL,1,'EMORDEM',40.00,0.00,1,74,3,2,NULL,292,NULL),(586,NULL,NULL,'2019-09-08 00:00:00',NULL,1,'EMORDEM',40.00,0.00,1,60,3,2,NULL,293,NULL),(587,NULL,NULL,'2019-09-08 00:00:00',NULL,1,'EMORDEM',40.00,0.00,1,103,3,2,NULL,293,NULL),(588,NULL,NULL,'2019-09-08 00:00:00',NULL,1,'EMORDEM',40.00,NULL,1,109,3,2,NULL,295,NULL),(589,NULL,NULL,'2019-09-08 00:00:00',NULL,2,'EMORDEM',20.00,0.00,1,44,3,2,NULL,296,NULL),(590,NULL,NULL,'2019-09-08 00:00:00',NULL,2,'EMORDEM',20.00,0.00,1,44,3,2,NULL,297,NULL),(591,NULL,NULL,'2019-11-09 00:00:00',NULL,1,'EMORDEM',40.00,40.00,2,30,3,3,NULL,330,NULL),(592,NULL,NULL,'2019-11-09 00:00:00',NULL,1,'EMORDEM',40.00,40.00,2,58,3,3,NULL,301,NULL),(593,NULL,NULL,'2019-11-09 00:00:00',NULL,1,'EMORDEM',40.00,40.00,2,114,3,3,NULL,318,NULL),(594,NULL,NULL,'2019-11-09 00:00:00',NULL,1,'EMORDEM',40.00,40.00,2,115,3,3,NULL,329,NULL),(595,NULL,NULL,'2019-11-09 00:00:00',NULL,1,'EMORDEM',40.00,40.00,2,60,3,3,NULL,311,NULL),(596,NULL,NULL,'2019-11-09 00:00:00',NULL,1,'EMORDEM',40.00,40.00,2,115,3,3,NULL,328,NULL),(597,NULL,NULL,'2019-11-09 00:00:00',NULL,1,'EMORDEM',40.00,40.00,2,100,3,3,NULL,298,NULL),(598,NULL,NULL,'2019-11-09 00:00:00',NULL,1,'EMORDEM',40.00,40.00,2,31,3,3,NULL,317,NULL),(599,NULL,NULL,'2019-11-09 00:00:00',NULL,1,'EMORDEM',40.00,40.00,2,58,3,3,NULL,312,NULL),(600,NULL,NULL,'2019-11-09 00:00:00',NULL,1,'EMORDEM',40.00,40.00,2,114,3,3,NULL,319,NULL),(601,NULL,NULL,'2019-11-09 00:00:00',NULL,1,'EMORDEM',40.00,40.00,2,60,3,3,NULL,321,NULL),(602,NULL,NULL,'2019-11-09 00:00:00',NULL,1,'EMORDEM',40.00,40.00,2,43,3,3,NULL,322,NULL),(603,NULL,NULL,'2019-11-09 00:00:00',NULL,1,'EMORDEM',40.00,40.00,2,31,3,3,NULL,319,NULL),(604,NULL,NULL,'2019-11-09 00:00:00',NULL,1,'EMORDEM',40.00,40.00,2,41,3,3,NULL,318,NULL),(605,NULL,NULL,'2019-11-09 00:00:00',NULL,1,'EMORDEM',40.00,40.00,2,60,3,3,NULL,324,NULL),(606,NULL,NULL,'2019-11-09 00:00:00',NULL,1,'EMORDEM',40.00,40.00,2,43,3,3,NULL,324,NULL),(607,NULL,NULL,'2019-11-09 00:00:00',NULL,1,'EMORDEM',40.00,40.00,2,41,3,3,NULL,323,NULL),(608,NULL,NULL,'2019-11-09 00:00:00',NULL,1,'EMORDEM',40.00,40.00,2,58,3,3,NULL,313,NULL),(609,NULL,NULL,'2019-11-09 00:00:00',NULL,1,'EMORDEM',40.00,40.00,2,43,3,3,NULL,325,NULL),(610,NULL,NULL,'2019-11-09 00:00:00',NULL,1,'EMORDEM',40.00,40.00,2,58,3,3,NULL,314,NULL),(611,NULL,NULL,'2019-11-09 00:00:00',NULL,1,'EMORDEM',40.00,40.00,2,60,3,3,NULL,325,NULL),(612,NULL,NULL,'2019-11-09 00:00:00',NULL,1,'EMORDEM',40.00,40.00,2,58,3,3,NULL,321,NULL),(613,NULL,NULL,'2019-11-09 00:00:00',NULL,1,'EMORDEM',40.00,40.00,2,114,3,3,NULL,320,NULL),(614,NULL,NULL,'2019-11-09 00:00:00',NULL,1,'EMORDEM',40.00,40.00,2,31,3,3,NULL,320,NULL),(615,NULL,NULL,'2019-11-09 00:00:00',NULL,1,'EMORDEM',40.00,40.00,2,114,3,3,NULL,327,NULL),(616,NULL,NULL,'2019-11-09 00:00:00',NULL,1,'EMORDEM',40.00,40.00,2,41,3,3,NULL,326,NULL),(617,NULL,NULL,'2019-11-09 00:00:00',NULL,1,'EMORDEM',40.00,40.00,2,114,3,3,NULL,329,NULL),(618,NULL,NULL,'2019-11-09 00:00:00',NULL,1,'EMORDEM',40.00,40.00,2,26,3,3,NULL,300,NULL),(619,NULL,NULL,'2019-11-09 00:00:00',NULL,1,'EMORDEM',40.00,40.00,2,31,3,3,NULL,326,NULL),(620,NULL,NULL,'2019-11-09 00:00:00',NULL,1,'EMORDEM',40.00,40.00,2,39,3,3,NULL,302,NULL),(621,NULL,NULL,'2019-11-09 00:00:00',NULL,1,'EMORDEM',40.00,40.00,2,26,3,3,NULL,305,NULL),(622,NULL,NULL,'2019-11-09 00:00:00',NULL,1,'EMORDEM',40.00,40.00,2,39,3,3,NULL,303,NULL),(623,NULL,NULL,'2019-11-09 00:00:00',NULL,1,'EMORDEM',40.00,40.00,2,26,3,3,NULL,306,NULL),(624,NULL,NULL,'2019-11-09 00:00:00',NULL,1,'EMORDEM',40.00,40.00,2,26,3,3,NULL,308,NULL),(625,NULL,NULL,'2019-11-09 00:00:00',NULL,1,'EMORDEM',40.00,40.00,2,58,3,3,NULL,322,NULL),(626,NULL,NULL,'2019-11-09 00:00:00',NULL,1,'EMORDEM',40.00,40.00,2,58,3,3,NULL,323,NULL),(627,NULL,NULL,'2019-11-09 00:00:00',NULL,1,'EMORDEM',40.00,40.00,2,39,3,3,NULL,304,NULL),(628,NULL,NULL,'2019-11-09 00:00:00',NULL,1,'EMORDEM',40.00,40.00,2,39,3,3,NULL,311,NULL),(629,NULL,NULL,'2019-11-09 00:00:00',NULL,1,'EMORDEM',40.00,40.00,2,58,3,3,NULL,327,NULL),(630,NULL,NULL,'2019-11-09 00:00:00',NULL,1,'EMORDEM',40.00,40.00,2,39,3,3,NULL,312,NULL),(631,NULL,NULL,'2019-11-09 00:00:00',NULL,1,'EMORDEM',40.00,40.00,2,60,3,3,NULL,328,NULL),(632,NULL,NULL,'2019-11-09 00:00:00',NULL,1,'EMORDEM',40.00,40.00,2,5,3,3,NULL,302,NULL),(633,NULL,NULL,'2019-11-09 00:00:00',NULL,1,'EMORDEM',40.00,40.00,2,9,3,3,NULL,304,NULL),(634,NULL,NULL,'2019-11-09 00:00:00',NULL,1,'EMORDEM',40.00,40.00,2,116,3,3,NULL,303,NULL),(635,NULL,NULL,'2019-11-09 00:00:00',NULL,1,'EMORDEM',40.00,40.00,2,5,3,3,NULL,308,NULL),(636,NULL,NULL,'2019-11-09 00:00:00',NULL,1,'EMORDEM',40.00,40.00,2,5,3,3,NULL,309,NULL),(637,NULL,NULL,'2019-11-09 00:00:00',NULL,1,'EMORDEM',40.00,40.00,2,26,3,3,NULL,314,NULL),(638,NULL,NULL,'2019-11-09 00:00:00',NULL,1,'EMORDEM',40.00,40.00,2,116,3,3,NULL,306,NULL),(639,NULL,NULL,'2019-11-09 00:00:00',NULL,1,'EMORDEM',40.00,40.00,2,9,3,3,NULL,305,NULL),(640,NULL,NULL,'2019-11-09 00:00:00',NULL,1,'EMORDEM',40.00,40.00,2,116,3,3,NULL,307,NULL),(641,NULL,NULL,'2019-11-09 00:00:00',NULL,1,'EMORDEM',40.00,40.00,2,26,3,3,NULL,315,NULL),(642,NULL,NULL,'2019-11-09 00:00:00',NULL,1,'EMORDEM',40.00,40.00,2,26,3,3,NULL,316,NULL),(643,NULL,NULL,'2019-11-09 00:00:00',NULL,1,'EMORDEM',40.00,40.00,2,9,3,3,NULL,307,NULL),(644,NULL,NULL,'2019-11-09 00:00:00',NULL,1,'EMORDEM',40.00,40.00,2,9,3,3,NULL,310,NULL),(645,NULL,NULL,'2019-11-09 00:00:00',NULL,1,'EMORDEM',40.00,40.00,2,39,3,3,NULL,313,NULL),(646,NULL,NULL,'2019-11-09 00:00:00',NULL,1,'EMORDEM',40.00,40.00,2,116,3,3,NULL,309,NULL),(647,NULL,NULL,'2019-11-09 00:00:00',NULL,1,'EMORDEM',40.00,40.00,2,39,3,3,NULL,315,NULL),(648,NULL,NULL,'2019-11-09 00:00:00',NULL,1,'EMORDEM',40.00,40.00,2,39,3,3,NULL,316,NULL),(649,NULL,NULL,'2019-11-09 00:00:00',NULL,1,'EMORDEM',40.00,40.00,2,5,3,3,NULL,310,NULL),(650,NULL,NULL,'2019-11-09 00:00:00',NULL,1,'EMORDEM',40.00,40.00,2,58,3,3,NULL,330,NULL),(651,NULL,NULL,'2019-11-09 00:00:00',NULL,1,'EMORDEM',40.00,40.00,2,100,3,3,NULL,301,NULL),(652,NULL,NULL,'2019-11-09 00:00:00',NULL,1,'EMORDEM',40.00,40.00,2,21,3,3,NULL,300,NULL),(653,NULL,NULL,'2019-11-09 00:00:00',NULL,1,'EMORDEM',40.00,40.00,2,26,3,3,NULL,317,NULL),(654,NULL,NULL,'2019-11-09 00:00:00',NULL,1,'EMORDEM',40.00,40.00,2,68,3,3,NULL,299,NULL),(655,NULL,NULL,'2019-11-09 00:00:00',NULL,1,'EMORDEM',40.00,40.00,2,117,3,3,NULL,299,NULL),(656,NULL,NULL,'2019-11-09 00:00:00',NULL,1,'EMORDEM',40.00,40.00,2,68,3,3,NULL,335,NULL),(657,NULL,NULL,'2019-11-09 00:00:00',NULL,1,'EMORDEM',40.00,40.00,2,100,3,3,NULL,336,NULL),(658,NULL,NULL,'2019-11-09 00:00:00',NULL,1,'EMORDEM',40.00,40.00,2,118,3,3,NULL,298,NULL),(659,NULL,NULL,'2019-11-09 00:00:00',NULL,2,'EMORDEM',40.00,40.00,2,31,3,3,NULL,336,NULL),(660,NULL,NULL,'2019-11-09 00:00:00',NULL,2,'EMORDEM',40.00,40.00,2,31,3,3,NULL,337,NULL),(661,NULL,NULL,'2019-11-09 00:00:00',NULL,1,'CADASTRADA',40.00,40.00,2,68,3,3,NULL,NULL,NULL),(662,NULL,NULL,'2019-11-09 00:00:00',NULL,1,'EMORDEM',40.00,40.00,2,117,3,3,NULL,335,NULL),(663,NULL,NULL,'2019-11-09 00:00:00',NULL,1,'EMORDEM',40.00,40.00,2,115,3,3,NULL,337,NULL),(664,NULL,NULL,'2019-11-09 00:00:00',NULL,2,'EMORDEM',40.00,40.00,2,58,3,3,NULL,338,NULL),(665,NULL,NULL,'2019-11-09 00:00:00',NULL,2,'EMORDEM',40.00,40.00,2,58,3,3,NULL,339,NULL),(666,NULL,NULL,'2019-11-09 00:00:00',NULL,4,'EMORDEM',40.00,40.00,2,56,3,3,NULL,338,NULL),(667,NULL,NULL,'2019-11-09 00:00:00',NULL,4,'EMORDEM',40.00,40.00,2,56,3,3,NULL,339,NULL),(668,NULL,NULL,'2019-11-09 00:00:00',NULL,4,'EMORDEM',40.00,40.00,2,56,3,3,NULL,340,NULL),(669,NULL,NULL,'2019-11-09 00:00:00',NULL,4,'EMORDEM',40.00,40.00,2,56,3,3,NULL,341,NULL),(670,NULL,NULL,'2019-11-09 00:00:00',NULL,1,'EMORDEM',40.00,40.00,2,26,3,3,NULL,341,NULL),(671,NULL,NULL,'2019-11-09 00:00:00',NULL,1,'EMORDEM',40.00,40.00,2,39,3,3,NULL,340,NULL),(672,NULL,NULL,'2019-11-09 00:00:00',NULL,1,'EMORDEM',40.00,40.00,2,118,4,3,NULL,351,NULL),(673,NULL,NULL,'2019-11-09 00:00:00',NULL,1,'EMORDEM',40.00,40.00,2,16,4,3,NULL,349,NULL),(674,NULL,NULL,'2019-11-09 00:00:00',NULL,1,'EMORDEM',40.00,40.00,2,6,4,3,NULL,348,NULL),(675,NULL,NULL,'2019-11-09 00:00:00',NULL,1,'EMORDEM',40.00,40.00,2,3,4,3,NULL,363,NULL),(676,NULL,NULL,'2019-11-09 00:00:00',NULL,1,'EMORDEM',40.00,40.00,2,118,4,3,NULL,352,NULL),(677,NULL,NULL,'2019-11-09 00:00:00',NULL,2,'EMORDEM',20.00,20.00,2,117,4,3,NULL,349,NULL),(678,NULL,NULL,'2019-11-09 00:00:00',NULL,2,'EMORDEM',20.00,20.00,2,117,4,3,NULL,388,NULL),(679,NULL,NULL,'2019-11-09 00:00:00',NULL,1,'EMORDEM',40.00,40.00,2,16,4,3,NULL,351,NULL),(680,NULL,NULL,'2019-11-09 00:00:00',NULL,1,'EMORDEM',40.00,40.00,2,21,4,3,NULL,365,NULL),(681,NULL,NULL,'2019-11-09 00:00:00',NULL,1,'EMORDEM',40.00,40.00,2,63,4,3,NULL,345,NULL),(682,NULL,NULL,'2019-11-09 00:00:00',NULL,1,'EMORDEM',40.00,40.00,2,60,4,3,NULL,356,NULL),(683,NULL,NULL,'2019-11-09 00:00:00',NULL,1,'EMORDEM',40.00,40.00,2,115,4,3,NULL,343,NULL),(684,NULL,NULL,'2019-11-09 00:00:00',NULL,1,'EMORDEM',40.00,40.00,2,29,4,3,NULL,348,NULL),(685,NULL,NULL,'2019-11-09 00:00:00',NULL,1,'EMORDEM',40.00,40.00,2,3,4,3,NULL,372,NULL),(686,NULL,NULL,'2019-11-09 00:00:00',NULL,1,'EMORDEM',40.00,40.00,2,28,4,3,NULL,346,NULL),(687,NULL,NULL,'2019-11-09 00:00:00',NULL,2,'EMORDEM',20.00,20.00,2,41,4,3,NULL,353,NULL),(688,NULL,NULL,'2019-11-09 00:00:00',NULL,2,'EMORDEM',20.00,20.00,2,41,4,3,NULL,360,NULL),(689,NULL,NULL,'2019-11-09 00:00:00',NULL,1,'EMORDEM',40.00,40.00,2,27,4,3,NULL,344,NULL),(690,NULL,NULL,'2019-11-09 00:00:00',NULL,1,'EMORDEM',40.00,40.00,2,3,4,3,NULL,382,NULL),(691,NULL,NULL,'2019-11-09 00:00:00',NULL,1,'EMORDEM',40.00,40.00,2,92,4,3,NULL,350,NULL),(692,NULL,NULL,'2019-11-09 00:00:00',NULL,1,'EMORDEM',40.00,40.00,2,3,4,3,NULL,383,NULL),(693,NULL,NULL,'2019-11-09 00:00:00',NULL,1,'EMORDEM',40.00,40.00,2,60,4,3,NULL,357,NULL),(694,NULL,NULL,'2019-11-09 00:00:00',NULL,1,'EMORDEM',40.00,40.00,2,30,4,3,NULL,347,NULL),(695,NULL,NULL,'2019-11-09 00:00:00',NULL,1,'EMORDEM',40.00,40.00,2,29,4,3,NULL,361,NULL),(696,NULL,NULL,'2019-11-09 00:00:00',NULL,1,'EMORDEM',40.00,40.00,2,115,4,3,NULL,350,NULL),(697,NULL,NULL,'2019-11-09 00:00:00',NULL,1,'EMORDEM',40.00,40.00,2,27,4,3,NULL,354,NULL),(698,NULL,NULL,'2019-11-09 00:00:00',NULL,1,'EMORDEM',40.00,40.00,2,28,4,3,NULL,347,NULL),(699,NULL,NULL,'2019-11-09 00:00:00',NULL,2,'EMORDEM',20.00,20.00,2,5,4,3,NULL,376,NULL),(700,NULL,NULL,'2019-11-09 00:00:00',NULL,2,'EMORDEM',20.00,20.00,2,5,4,3,NULL,377,NULL),(701,NULL,NULL,'2019-11-09 00:00:00',NULL,2,'EMORDEM',20.00,20.00,2,9,4,3,NULL,374,NULL),(702,NULL,NULL,'2019-11-09 00:00:00',NULL,2,'EMORDEM',20.00,20.00,2,9,4,3,NULL,375,NULL),(703,NULL,NULL,'2019-11-09 00:00:00',NULL,4,'EMORDEM',10.00,10.00,2,116,4,3,NULL,374,NULL),(704,NULL,NULL,'2019-11-09 00:00:00',NULL,4,'EMORDEM',10.00,10.00,2,116,4,3,NULL,375,NULL),(705,NULL,NULL,'2019-11-09 00:00:00',NULL,4,'EMORDEM',10.00,10.00,2,116,4,3,NULL,376,NULL),(706,NULL,NULL,'2019-11-09 00:00:00',NULL,4,'EMORDEM',10.00,10.00,2,116,4,3,NULL,377,NULL),(707,NULL,NULL,'2019-11-09 00:00:00',NULL,2,'EMORDEM',20.00,20.00,2,5,4,3,NULL,378,NULL),(708,NULL,NULL,'2019-11-09 00:00:00',NULL,2,'EMORDEM',20.00,20.00,2,5,4,3,NULL,379,NULL),(709,NULL,NULL,'2019-11-09 00:00:00',NULL,2,'EMORDEM',20.00,20.00,2,9,4,3,NULL,378,NULL),(710,NULL,NULL,'2019-11-09 00:00:00',NULL,2,'EMORDEM',20.00,20.00,2,9,4,3,NULL,379,NULL),(711,NULL,NULL,'2019-11-09 00:00:00',NULL,2,'EMORDEM',20.00,20.00,2,21,4,3,NULL,366,NULL),(712,NULL,NULL,'2019-11-09 00:00:00',NULL,2,'EMORDEM',20.00,20.00,2,21,4,3,NULL,372,NULL),(713,NULL,NULL,'2019-11-09 00:00:00',NULL,1,'EMORDEM',40.00,40.00,2,3,4,3,NULL,385,NULL),(714,NULL,NULL,'2019-11-09 00:00:00',NULL,1,'EMORDEM',40.00,40.00,2,115,4,3,NULL,363,NULL),(715,NULL,NULL,'2019-11-09 00:00:00',NULL,2,'EMORDEM',20.00,20.00,2,63,4,3,NULL,368,NULL),(716,NULL,NULL,'2019-11-09 00:00:00',NULL,2,'EMORDEM',20.00,20.00,2,63,4,3,NULL,371,NULL),(717,NULL,NULL,'2019-11-09 00:00:00',NULL,1,'EMORDEM',40.00,40.00,2,30,4,3,NULL,352,NULL),(718,NULL,NULL,'2019-11-09 00:00:00',NULL,3,'EMORDEM',13.34,13.34,2,29,4,3,NULL,366,NULL),(719,NULL,NULL,'2019-11-09 00:00:00',NULL,3,'EMORDEM',13.34,13.34,2,29,4,3,NULL,369,NULL),(720,NULL,NULL,'2019-11-09 00:00:00',NULL,3,'EMORDEM',13.34,13.34,2,29,4,3,NULL,370,NULL),(721,NULL,NULL,'2019-11-09 00:00:00',NULL,1,'EMORDEM',40.00,40.00,2,43,4,3,NULL,356,NULL),(722,NULL,NULL,'2019-11-09 00:00:00',NULL,1,'EMORDEM',40.00,40.00,2,60,4,3,NULL,362,NULL),(723,NULL,NULL,'2019-11-09 00:00:00',NULL,2,'EMORDEM',20.00,20.00,2,63,4,3,NULL,387,NULL),(724,NULL,NULL,'2019-11-09 00:00:00',NULL,2,'EMORDEM',20.00,20.00,2,63,4,3,NULL,393,NULL),(725,NULL,NULL,'2019-11-09 00:00:00',NULL,2,'EMORDEM',20.00,20.00,2,115,4,3,NULL,364,NULL),(726,NULL,NULL,'2019-11-09 00:00:00',NULL,2,'EMORDEM',20.00,20.00,2,115,4,3,NULL,367,NULL),(727,NULL,NULL,'2019-11-09 00:00:00',NULL,1,'EMORDEM',40.00,40.00,2,16,4,3,NULL,367,NULL),(728,NULL,NULL,'2019-11-09 00:00:00',NULL,2,'EMORDEM',20.00,20.00,2,21,4,3,NULL,373,NULL),(729,NULL,NULL,'2019-11-09 00:00:00',NULL,2,'EMORDEM',20.00,20.00,2,21,4,3,NULL,387,NULL),(730,NULL,NULL,'2019-11-09 00:00:00',NULL,1,'CADASTRADA',40.00,40.00,2,29,4,3,NULL,NULL,NULL),(731,NULL,NULL,'2019-11-09 00:00:00',NULL,2,'EMORDEM',20.00,20.00,2,92,4,3,NULL,360,NULL),(732,NULL,NULL,'2019-11-09 00:00:00',NULL,2,'EMORDEM',20.00,20.00,2,92,4,3,NULL,364,NULL),(733,NULL,NULL,'2019-11-09 00:00:00',NULL,1,'EMORDEM',40.00,40.00,2,115,4,3,NULL,368,NULL),(734,NULL,NULL,'2019-11-09 00:00:00',NULL,1,'EMORDEM',40.00,40.00,2,115,4,3,NULL,373,NULL),(735,NULL,NULL,'2019-11-09 00:00:00',NULL,1,'EMORDEM',40.00,40.00,2,3,4,3,NULL,390,NULL),(736,NULL,NULL,'2019-11-09 00:00:00',NULL,2,'EMORDEM',20.00,20.00,2,30,4,3,NULL,359,NULL),(737,NULL,NULL,'2019-11-09 00:00:00',NULL,2,'EMORDEM',20.00,20.00,2,30,4,3,NULL,361,NULL),(738,NULL,NULL,'2019-11-09 00:00:00',NULL,1,'EMORDEM',40.00,40.00,2,60,4,3,NULL,369,NULL),(739,NULL,NULL,'2019-11-09 00:00:00',NULL,1,'EMORDEM',40.00,40.00,2,29,4,3,NULL,381,NULL),(740,NULL,NULL,'2019-11-09 00:00:00',NULL,1,'EMORDEM',40.00,40.00,2,41,4,3,NULL,384,NULL),(741,NULL,NULL,'2019-11-09 00:00:00',NULL,1,'EMORDEM',40.00,40.00,2,92,4,3,NULL,365,NULL),(742,NULL,NULL,'2019-11-09 00:00:00',NULL,1,'EMORDEM',40.00,40.00,2,30,4,3,NULL,362,NULL),(743,NULL,NULL,'2019-11-09 00:00:00',NULL,3,'EMORDEM',13.34,13.34,2,43,4,3,NULL,357,NULL),(744,NULL,NULL,'2019-11-09 00:00:00',NULL,3,'EMORDEM',13.34,13.34,2,43,4,3,NULL,359,NULL),(745,NULL,NULL,'2019-11-09 00:00:00',NULL,3,'EMORDEM',13.34,13.34,2,43,4,3,NULL,370,NULL),(746,NULL,NULL,'2019-11-09 00:00:00',NULL,1,'EMORDEM',40.00,40.00,2,27,4,3,NULL,358,NULL),(747,NULL,NULL,'2019-11-09 00:00:00',NULL,1,'EMORDEM',40.00,40.00,2,28,4,3,NULL,355,NULL),(748,NULL,NULL,'2019-11-09 00:00:00',NULL,2,'EMORDEM',20.00,20.00,2,60,4,3,NULL,382,NULL),(749,NULL,NULL,'2019-11-09 00:00:00',NULL,2,'EMORDEM',20.00,20.00,2,60,4,3,NULL,386,NULL),(750,NULL,NULL,'2019-11-09 00:00:00',NULL,1,'EMORDEM',40.00,40.00,2,28,4,3,NULL,358,NULL),(751,NULL,NULL,'2019-11-09 00:00:00',NULL,3,'EMORDEM',13.34,13.34,2,6,4,3,NULL,353,NULL),(752,NULL,NULL,'2019-11-09 00:00:00',NULL,3,'EMORDEM',13.34,13.34,2,6,4,3,NULL,354,NULL),(753,NULL,NULL,'2019-11-09 00:00:00',NULL,3,'EMORDEM',13.34,13.34,2,6,4,3,NULL,355,NULL),(754,NULL,NULL,'2019-11-09 00:00:00',NULL,1,'EMORDEM',40.00,40.00,2,28,4,3,NULL,380,NULL),(755,NULL,NULL,'2019-11-09 00:00:00',NULL,1,'EMORDEM',40.00,40.00,2,27,4,3,NULL,380,NULL),(756,NULL,NULL,'2019-11-09 00:00:00',NULL,1,'EMORDEM',40.00,40.00,2,41,4,3,NULL,392,NULL),(757,NULL,NULL,'2019-11-09 00:00:00',NULL,1,'EMORDEM',40.00,40.00,2,30,4,3,NULL,371,NULL),(758,NULL,NULL,'2019-11-09 00:00:00',NULL,1,'EMORDEM',40.00,40.00,2,118,4,3,NULL,389,NULL),(759,NULL,NULL,'2019-11-09 00:00:00',NULL,1,'EMORDEM',40.00,40.00,2,118,4,3,NULL,391,NULL),(760,NULL,NULL,'2019-11-09 00:00:00',NULL,2,'EMORDEM',20.00,20.00,2,16,4,3,NULL,388,NULL),(761,NULL,NULL,'2019-11-09 00:00:00',NULL,2,'EMORDEM',20.00,20.00,2,16,4,3,NULL,391,NULL),(762,NULL,NULL,'2019-11-09 00:00:00',NULL,1,'EMORDEM',40.00,40.00,2,115,4,3,NULL,386,NULL),(763,NULL,NULL,'2019-11-09 00:00:00',NULL,1,'EMORDEM',40.00,40.00,2,92,4,3,NULL,383,NULL),(764,NULL,NULL,'2019-11-09 00:00:00',NULL,1,'EMORDEM',40.00,40.00,2,117,4,3,NULL,389,NULL),(765,NULL,NULL,'2019-11-09 00:00:00',NULL,1,'EMORDEM',40.00,40.00,2,29,4,3,NULL,385,NULL),(766,NULL,NULL,'2019-11-09 00:00:00',NULL,1,'EMORDEM',40.00,40.00,2,6,4,3,NULL,390,NULL),(767,NULL,NULL,'2019-11-09 00:00:00',NULL,1,'EMORDEM',40.00,40.00,2,28,4,3,NULL,384,NULL),(768,NULL,NULL,'2019-11-09 00:00:00',NULL,1,'EMORDEM',40.00,40.00,2,30,4,3,NULL,381,NULL),(769,NULL,NULL,'2019-11-09 00:00:00',NULL,4,'CADASTRADA',10.00,10.00,2,36,4,3,NULL,NULL,NULL),(770,NULL,NULL,'2019-11-09 00:00:00',NULL,4,'CADASTRADA',10.00,10.00,2,36,4,3,NULL,NULL,NULL),(771,NULL,NULL,'2019-11-09 00:00:00',NULL,4,'CADASTRADA',10.00,10.00,2,36,4,3,NULL,NULL,NULL),(772,NULL,NULL,'2019-11-09 00:00:00',NULL,4,'CADASTRADA',10.00,10.00,2,36,4,3,NULL,NULL,NULL),(773,NULL,NULL,'2019-11-09 00:00:00',NULL,1,'EMORDEM',40.00,40.00,2,119,4,3,NULL,342,NULL),(774,NULL,NULL,'2019-11-09 00:00:00',NULL,1,'EMORDEM',40.00,40.00,2,120,4,3,NULL,342,NULL),(775,NULL,NULL,'2019-11-09 00:00:00',NULL,4,'EMORDEM',10.00,10.00,2,121,4,3,NULL,343,NULL),(776,NULL,NULL,'2019-11-09 00:00:00',NULL,4,'EMORDEM',10.00,10.00,2,121,4,3,NULL,344,NULL),(777,NULL,NULL,'2019-11-09 00:00:00',NULL,4,'EMORDEM',10.00,10.00,2,121,4,3,NULL,345,NULL),(778,NULL,NULL,'2019-11-09 00:00:00',NULL,4,'EMORDEM',10.00,10.00,2,121,4,3,NULL,346,NULL),(779,NULL,NULL,'2019-11-09 00:00:00',NULL,1,'EMORDEM',40.00,40.00,2,27,4,3,NULL,392,NULL),(780,NULL,NULL,'2019-11-09 00:00:00',NULL,1,'EMORDEM',40.00,40.00,2,28,4,3,NULL,393,NULL),(781,NULL,NULL,'2019-11-09 00:00:00',NULL,4,'EMORDEM',10.00,10.00,2,122,4,3,NULL,396,NULL),(782,NULL,NULL,'2019-11-09 00:00:00',NULL,4,'EMORDEM',10.00,10.00,2,122,4,3,NULL,394,NULL),(783,NULL,NULL,'2019-11-09 00:00:00',NULL,4,'EMORDEM',10.00,10.00,2,122,4,3,NULL,395,NULL),(784,NULL,NULL,'2019-11-09 00:00:00',NULL,4,'EMORDEM',10.00,10.00,2,122,4,3,NULL,397,NULL),(785,NULL,NULL,'2019-11-09 00:00:00',NULL,2,'EMORDEM',20.00,20.00,2,6,4,3,NULL,396,NULL),(786,NULL,NULL,'2019-11-09 00:00:00',NULL,2,'EMORDEM',20.00,20.00,2,6,4,3,NULL,397,NULL),(787,NULL,NULL,'2019-11-09 00:00:00',NULL,1,'EMORDEM',40.00,40.00,2,63,4,3,NULL,395,NULL),(788,NULL,NULL,'2019-11-09 00:00:00',NULL,1,'EMORDEM',40.00,40.00,2,123,4,3,NULL,394,NULL),(789,NULL,NULL,'2019-11-24 00:00:00',NULL,1,'EMORDEM',40.00,0.00,1,6,4,4,NULL,398,NULL),(790,NULL,NULL,'2019-11-24 00:00:00',NULL,1,'EMORDEM',40.00,0.00,1,71,4,4,NULL,398,NULL),(791,NULL,NULL,'2019-11-24 00:00:00',NULL,1,'EMORDEM',40.00,0.00,1,6,4,4,NULL,399,NULL),(792,NULL,NULL,'2019-11-24 00:00:00',NULL,1,'EMORDEM',40.00,0.00,1,28,4,4,NULL,399,NULL),(793,NULL,NULL,'2019-11-24 00:00:00',NULL,1,'EMORDEM',40.00,0.00,1,60,4,4,NULL,400,NULL),(794,NULL,NULL,'2019-11-24 00:00:00',NULL,1,'EMORDEM',40.00,0.00,1,40,4,4,NULL,400,NULL),(795,NULL,NULL,'2019-11-24 00:00:00',NULL,1,'EMORDEM',40.00,0.00,1,61,4,4,NULL,401,NULL),(796,NULL,NULL,'2019-11-24 00:00:00',NULL,1,'EMORDEM',40.00,0.00,1,75,4,4,NULL,401,NULL),(797,NULL,NULL,'2019-11-24 00:00:00',NULL,1,'EMORDEM',40.00,0.00,1,43,4,4,NULL,402,NULL),(798,NULL,NULL,'2019-11-24 00:00:00',NULL,1,'EMORDEM',40.00,0.00,1,42,4,4,NULL,402,NULL),(799,NULL,NULL,'2019-11-24 00:00:00',NULL,1,'EMORDEM',40.00,0.00,1,71,4,4,NULL,403,NULL),(800,NULL,NULL,'2019-11-24 00:00:00',NULL,1,'EMORDEM',40.00,0.00,1,30,4,4,NULL,403,NULL),(801,NULL,NULL,'2019-11-24 00:00:00',NULL,1,'EMORDEM',40.00,0.00,1,71,4,4,NULL,427,NULL),(802,NULL,NULL,'2019-11-24 00:00:00',NULL,1,'EMORDEM',40.00,0.00,1,22,4,4,NULL,404,NULL),(803,NULL,NULL,'2019-11-24 00:00:00',NULL,1,'EMORDEM',40.00,0.00,1,50,4,4,NULL,404,NULL),(804,NULL,NULL,'2019-11-24 00:00:00',NULL,1,'EMORDEM',40.00,0.00,1,22,4,4,NULL,405,NULL),(805,NULL,NULL,'2019-11-24 00:00:00',NULL,1,'EMORDEM',40.00,0.00,1,43,4,4,NULL,405,NULL),(806,NULL,NULL,'2019-11-24 00:00:00',NULL,1,'EMORDEM',40.00,0.00,1,34,4,4,NULL,406,NULL),(807,NULL,NULL,'2019-11-24 00:00:00',NULL,1,'EMORDEM',40.00,0.00,1,19,4,4,NULL,406,NULL),(808,NULL,NULL,'2019-11-24 00:00:00',NULL,1,'EMORDEM',40.00,0.00,1,13,4,4,NULL,407,NULL),(809,NULL,NULL,'2019-11-24 00:00:00',NULL,1,'EMORDEM',40.00,0.00,1,22,4,4,NULL,407,NULL),(810,NULL,NULL,'2019-11-24 00:00:00',NULL,1,'EMORDEM',40.00,0.00,1,53,4,4,NULL,408,NULL),(811,NULL,NULL,'2019-11-24 00:00:00',NULL,1,'EMORDEM',40.00,0.00,1,28,4,4,NULL,408,NULL),(812,NULL,NULL,'2019-11-24 00:00:00',NULL,1,'EMORDEM',40.00,0.00,1,28,4,4,NULL,409,NULL),(813,NULL,NULL,'2019-11-24 00:00:00',NULL,1,'EMORDEM',40.00,0.00,1,43,4,4,NULL,409,NULL),(814,NULL,NULL,'2019-11-24 00:00:00',NULL,1,'EMORDEM',40.00,0.00,1,36,4,4,NULL,410,NULL),(815,NULL,NULL,'2019-11-24 00:00:00',NULL,1,'EMORDEM',40.00,0.00,1,6,4,4,NULL,410,NULL),(816,NULL,NULL,'2019-11-24 00:00:00',NULL,1,'EMORDEM',40.00,0.00,1,22,4,4,NULL,411,NULL),(817,NULL,NULL,'2019-11-24 00:00:00',NULL,1,'EMORDEM',40.00,0.00,1,69,4,4,NULL,411,NULL),(818,NULL,NULL,'2019-11-24 00:00:00',NULL,1,'EMORDEM',40.00,0.00,1,43,4,4,NULL,412,NULL),(819,NULL,NULL,'2019-11-24 00:00:00',NULL,1,'EMORDEM',40.00,0.00,1,30,4,4,NULL,412,NULL),(820,NULL,NULL,'2019-11-24 00:00:00',NULL,1,'EMORDEM',40.00,0.00,1,3,4,4,NULL,413,NULL),(821,NULL,NULL,'2019-11-24 00:00:00',NULL,1,'EMORDEM',40.00,0.00,1,22,4,4,NULL,413,NULL),(822,NULL,NULL,'2019-11-24 00:00:00',NULL,1,'EMORDEM',40.00,0.00,1,30,4,4,NULL,414,NULL),(823,NULL,NULL,'2019-11-24 00:00:00',NULL,1,'EMORDEM',40.00,0.00,1,54,4,4,NULL,414,NULL),(824,NULL,NULL,'2019-11-24 00:00:00',NULL,1,'EMORDEM',40.00,0.00,1,71,4,4,NULL,415,NULL),(825,NULL,NULL,'2019-11-24 00:00:00',NULL,1,'EMORDEM',40.00,0.00,1,7,4,4,NULL,415,NULL),(826,NULL,NULL,'2019-11-24 00:00:00',NULL,1,'EMORDEM',40.00,0.00,1,61,4,4,NULL,416,NULL),(827,NULL,NULL,'2019-11-24 00:00:00',NULL,1,'EMORDEM',40.00,0.00,1,53,4,4,NULL,416,NULL),(828,NULL,NULL,'2019-11-24 00:00:00',NULL,1,'CADASTRADA',40.00,0.00,1,53,4,4,NULL,NULL,NULL),(829,NULL,NULL,'2019-11-24 00:00:00',NULL,1,'EMORDEM',40.00,0.00,1,53,4,4,NULL,417,NULL),(830,NULL,NULL,'2019-11-24 00:00:00',NULL,1,'EMORDEM',40.00,0.00,1,65,4,4,NULL,417,NULL),(831,NULL,NULL,'2019-11-24 00:00:00',NULL,1,'EMORDEM',40.00,0.00,1,60,4,4,NULL,418,NULL),(832,NULL,NULL,'2019-11-24 00:00:00',NULL,1,'EMORDEM',40.00,0.00,1,103,4,4,NULL,418,NULL),(833,NULL,NULL,'2019-11-24 00:00:00',NULL,1,'EMORDEM',40.00,0.00,1,60,4,4,NULL,419,NULL),(834,NULL,NULL,'2019-11-24 00:00:00',NULL,1,'EMORDEM',40.00,0.00,1,29,4,4,NULL,419,NULL),(835,NULL,NULL,'2019-11-24 00:00:00',NULL,1,'EMORDEM',40.00,0.00,1,3,4,4,NULL,420,NULL),(836,NULL,NULL,'2019-11-24 00:00:00',NULL,1,'EMORDEM',40.00,0.00,1,61,4,4,NULL,420,NULL),(837,NULL,NULL,'2019-11-24 00:00:00',NULL,1,'EMORDEM',40.00,0.00,1,30,4,4,NULL,421,NULL),(838,NULL,NULL,'2019-11-24 00:00:00',NULL,1,'EMORDEM',40.00,0.00,1,43,4,4,NULL,421,NULL),(839,NULL,NULL,'2019-11-24 00:00:00',NULL,1,'EMORDEM',40.00,0.00,1,4,4,4,NULL,422,NULL),(840,NULL,NULL,'2019-11-24 00:00:00',NULL,1,'EMORDEM',40.00,0.00,1,12,4,4,NULL,422,NULL),(841,NULL,NULL,'2019-11-24 00:00:00',NULL,1,'EMORDEM',40.00,0.00,1,34,4,4,NULL,423,NULL),(842,NULL,NULL,'2019-11-24 00:00:00',NULL,1,'EMORDEM',40.00,0.00,1,12,4,4,NULL,423,NULL),(843,NULL,NULL,'2019-11-24 00:00:00',NULL,1,'EMORDEM',40.00,0.00,1,53,4,4,NULL,424,NULL),(844,NULL,NULL,'2019-11-24 00:00:00',NULL,1,'EMORDEM',40.00,0.00,1,36,4,4,NULL,424,NULL),(845,NULL,NULL,'2019-11-24 00:00:00',NULL,1,'EMORDEM',40.00,0.00,1,36,4,4,NULL,425,NULL),(846,NULL,NULL,'2019-11-24 00:00:00',NULL,1,'EMORDEM',40.00,0.00,1,70,4,4,NULL,425,NULL),(847,NULL,NULL,'2019-11-24 00:00:00',NULL,1,'EMORDEM',40.00,0.00,1,28,4,4,NULL,426,NULL),(848,NULL,NULL,'2019-11-24 00:00:00',NULL,1,'EMORDEM',40.00,0.00,1,41,4,4,NULL,426,NULL),(849,NULL,NULL,'2019-11-24 00:00:00',NULL,1,'EMORDEM',40.00,0.00,1,15,4,4,NULL,427,NULL),(850,NULL,NULL,'2019-11-24 00:00:00',NULL,1,'EMORDEM',40.00,0.00,1,18,3,4,NULL,428,NULL),(851,NULL,NULL,'2019-11-24 00:00:00',NULL,1,'EMORDEM',40.00,0.00,1,56,3,4,NULL,428,NULL),(852,NULL,NULL,'2019-11-24 00:00:00',NULL,1,'EMORDEM',40.00,0.00,1,67,3,4,NULL,429,NULL),(853,NULL,NULL,'2019-11-24 00:00:00',NULL,1,'EMORDEM',40.00,0.00,1,44,3,4,NULL,429,NULL),(854,NULL,NULL,'2019-11-24 00:00:00',NULL,1,'EMORDEM',40.00,0.00,1,74,3,4,NULL,430,NULL),(855,NULL,NULL,'2019-11-24 00:00:00',NULL,1,'EMORDEM',40.00,0.00,1,71,3,4,NULL,430,NULL),(856,NULL,NULL,'2019-11-24 00:00:00',NULL,1,'EMORDEM',40.00,0.00,1,75,3,4,NULL,431,NULL),(857,NULL,NULL,'2019-11-24 00:00:00',NULL,1,'EMORDEM',40.00,0.00,1,18,3,4,NULL,431,NULL),(858,NULL,NULL,'2019-11-24 00:00:00',NULL,1,'EMORDEM',40.00,0.00,1,45,3,4,NULL,432,NULL),(859,NULL,NULL,'2019-11-24 00:00:00',NULL,1,'EMORDEM',40.00,0.00,1,26,3,4,NULL,432,NULL),(860,NULL,NULL,'2019-11-24 00:00:00',NULL,1,'EMORDEM',40.00,0.00,1,56,3,4,NULL,433,NULL),(861,NULL,NULL,'2019-11-24 00:00:00',NULL,1,'EMORDEM',40.00,0.00,1,58,3,4,NULL,433,NULL),(862,NULL,NULL,'2019-11-24 00:00:00',NULL,1,'EMORDEM',40.00,0.00,1,39,3,4,NULL,434,NULL),(863,NULL,NULL,'2019-11-24 00:00:00',NULL,1,'EMORDEM',40.00,0.00,1,56,3,4,NULL,434,NULL),(864,NULL,NULL,'2019-11-24 00:00:00',NULL,1,'EMORDEM',40.00,0.00,1,59,3,4,NULL,435,NULL),(865,NULL,NULL,'2019-11-24 00:00:00',NULL,1,'EMORDEM',40.00,0.00,1,10,3,4,NULL,435,NULL),(866,NULL,NULL,'2019-11-24 00:00:00',NULL,1,'EMORDEM',40.00,0.00,1,82,3,4,NULL,436,NULL),(867,NULL,NULL,'2019-11-24 00:00:00',NULL,1,'EMORDEM',40.00,0.00,1,25,3,4,NULL,436,NULL),(868,NULL,NULL,'2019-11-24 00:00:00',NULL,1,'EMORDEM',40.00,0.00,1,39,3,4,NULL,437,NULL),(869,NULL,NULL,'2019-11-24 00:00:00',NULL,1,'EMORDEM',40.00,0.00,1,35,3,4,NULL,437,NULL),(870,NULL,NULL,'2019-11-24 00:00:00',NULL,1,'EMORDEM',40.00,0.00,1,59,3,4,NULL,438,NULL),(871,NULL,NULL,'2019-11-24 00:00:00',NULL,1,'EMORDEM',40.00,0.00,1,10,3,4,NULL,438,NULL),(872,NULL,NULL,'2019-11-24 00:00:00',NULL,1,'EMORDEM',40.00,0.00,1,10,3,4,NULL,439,NULL),(873,NULL,NULL,'2019-11-24 00:00:00',NULL,1,'EMORDEM',40.00,0.00,1,52,3,4,NULL,439,NULL),(874,NULL,NULL,'2019-11-24 00:00:00',NULL,1,'EMORDEM',40.00,0.00,1,59,3,4,NULL,440,NULL),(875,NULL,NULL,'2019-11-24 00:00:00',NULL,1,'EMORDEM',40.00,0.00,1,44,3,4,NULL,440,NULL),(876,NULL,NULL,'2019-11-24 00:00:00',NULL,1,'EMORDEM',40.00,0.00,1,39,3,4,NULL,441,NULL),(877,NULL,NULL,'2019-11-24 00:00:00',NULL,1,'EMORDEM',40.00,0.00,1,56,3,4,NULL,441,NULL),(878,NULL,NULL,'2019-11-24 00:00:00',NULL,1,'EMORDEM',40.00,0.00,1,58,3,4,NULL,442,NULL),(879,NULL,NULL,'2019-11-24 00:00:00',NULL,1,'EMORDEM',40.00,0.00,1,18,3,4,NULL,442,NULL),(880,NULL,NULL,'2019-11-24 00:00:00',NULL,1,'EMORDEM',40.00,0.00,1,18,3,4,NULL,443,NULL),(881,NULL,NULL,'2019-11-24 00:00:00',NULL,1,'EMORDEM',40.00,0.00,1,61,3,4,NULL,443,NULL),(882,NULL,NULL,'2019-11-24 00:00:00',NULL,1,'EMORDEM',40.00,0.00,1,65,3,4,NULL,444,NULL),(883,NULL,NULL,'2019-11-24 00:00:00',NULL,1,'EMORDEM',40.00,0.00,1,53,3,4,NULL,444,NULL),(884,NULL,NULL,'2019-11-24 00:00:00',NULL,1,'EMORDEM',40.00,0.00,1,39,3,4,NULL,445,NULL),(885,NULL,NULL,'2019-11-24 00:00:00',NULL,1,'EMORDEM',40.00,0.00,1,56,3,4,NULL,445,NULL),(886,NULL,NULL,'2019-11-24 00:00:00',NULL,1,'EMORDEM',40.00,0.00,1,56,3,4,NULL,446,NULL),(887,NULL,NULL,'2019-11-24 00:00:00',NULL,1,'EMORDEM',40.00,0.00,1,68,3,4,NULL,446,NULL),(888,NULL,NULL,'2019-11-24 00:00:00',NULL,1,'EMORDEM',40.00,0.00,1,58,3,4,NULL,447,NULL),(889,NULL,NULL,'2019-11-24 00:00:00',NULL,1,'EMORDEM',40.00,0.00,1,65,3,4,NULL,447,NULL),(890,NULL,NULL,'2019-11-24 00:00:00',NULL,1,'EMORDEM',40.00,0.00,1,43,3,4,NULL,448,NULL),(891,NULL,NULL,'2019-11-24 00:00:00',NULL,1,'EMORDEM',40.00,0.00,1,60,3,4,NULL,448,NULL),(892,NULL,NULL,'2019-11-24 00:00:00',NULL,1,'EMORDEM',40.00,0.00,1,60,3,4,NULL,449,NULL),(893,NULL,NULL,'2019-11-24 00:00:00',NULL,1,'EMORDEM',40.00,0.00,1,22,3,4,NULL,449,NULL),(894,NULL,NULL,'2019-11-24 00:00:00',NULL,1,'EMORDEM',40.00,0.00,1,39,3,4,NULL,450,NULL),(895,NULL,NULL,'2019-11-24 00:00:00',NULL,1,'EMORDEM',40.00,0.00,1,56,3,4,NULL,450,NULL),(896,NULL,NULL,'2019-11-24 00:00:00',NULL,1,'EMORDEM',40.00,0.00,1,27,3,4,NULL,451,NULL),(897,NULL,NULL,'2019-11-24 00:00:00',NULL,1,'EMORDEM',40.00,0.00,1,28,3,4,NULL,451,NULL),(898,NULL,NULL,'2019-11-24 00:00:00',NULL,1,'EMORDEM',40.00,0.00,1,22,3,4,NULL,452,NULL),(899,NULL,NULL,'2019-11-24 00:00:00',NULL,1,'EMORDEM',40.00,0.00,1,60,3,4,NULL,452,NULL),(900,NULL,NULL,'2019-11-24 00:00:00',NULL,1,'EMORDEM',40.00,0.00,1,22,3,4,NULL,453,NULL),(901,NULL,NULL,'2019-11-24 00:00:00',NULL,1,'EMORDEM',40.00,0.00,1,43,3,4,NULL,453,NULL),(902,NULL,NULL,'2019-11-24 00:00:00',NULL,1,'EMORDEM',40.00,0.00,1,70,3,4,NULL,454,NULL),(903,NULL,NULL,'2019-11-24 00:00:00',NULL,1,'EMORDEM',40.00,0.00,1,74,3,4,NULL,454,NULL),(904,NULL,NULL,'2019-11-24 00:00:00',NULL,1,'EMORDEM',40.00,0.00,1,65,3,4,NULL,455,NULL),(905,NULL,NULL,'2019-11-24 00:00:00',NULL,1,'EMORDEM',40.00,0.00,1,58,3,4,NULL,455,NULL),(906,NULL,NULL,'2019-11-24 00:00:00',NULL,1,'EMORDEM',40.00,0.00,1,10,3,4,NULL,456,NULL),(907,NULL,NULL,'2019-11-24 00:00:00',NULL,1,'EMORDEM',40.00,0.00,1,52,3,4,NULL,456,NULL),(908,NULL,NULL,'2019-11-24 00:00:00',NULL,1,'EMORDEM',40.00,0.00,1,65,3,4,NULL,457,NULL),(909,NULL,NULL,'2019-11-24 00:00:00',NULL,1,'EMORDEM',40.00,0.00,1,39,3,4,NULL,457,NULL),(910,NULL,NULL,'2019-11-24 00:00:00',NULL,1,'EMORDEM',40.00,0.00,1,92,5,4,NULL,458,NULL),(911,NULL,NULL,'2019-11-24 00:00:00',NULL,1,'EMORDEM',40.00,0.00,1,56,5,4,NULL,458,NULL),(912,NULL,NULL,'2019-11-24 00:00:00',NULL,1,'EMORDEM',40.00,0.00,1,67,5,4,NULL,459,NULL),(913,NULL,NULL,'2019-11-24 00:00:00',NULL,1,'EMORDEM',40.00,0.00,1,28,5,4,NULL,459,NULL),(914,NULL,NULL,'2019-11-24 00:00:00',NULL,1,'EMORDEM',40.00,0.00,1,36,5,4,NULL,460,NULL),(915,NULL,NULL,'2019-11-24 00:00:00',NULL,1,'EMORDEM',40.00,0.00,1,26,5,4,NULL,460,NULL),(916,NULL,NULL,'2019-11-24 00:00:00',NULL,1,'EMORDEM',40.00,0.00,1,36,5,4,NULL,461,NULL),(917,NULL,NULL,'2019-11-24 00:00:00',NULL,1,'EMORDEM',40.00,0.00,1,73,5,4,NULL,461,NULL),(918,NULL,NULL,'2019-11-24 00:00:00',NULL,1,'EMORDEM',40.00,0.00,1,94,5,4,NULL,462,NULL),(919,NULL,NULL,'2019-11-24 00:00:00',NULL,1,'EMORDEM',40.00,0.00,1,39,5,4,NULL,462,NULL),(920,NULL,NULL,'2019-11-24 00:00:00',NULL,1,'EMORDEM',40.00,0.00,1,36,5,4,NULL,463,NULL),(921,NULL,NULL,'2019-11-24 00:00:00',NULL,1,'EMORDEM',40.00,0.00,1,73,5,4,NULL,463,NULL),(922,NULL,NULL,'2019-11-24 00:00:00',NULL,1,'EMORDEM',40.00,0.00,1,26,5,4,NULL,464,NULL),(923,NULL,NULL,'2019-11-24 00:00:00',NULL,1,'EMORDEM',40.00,0.00,1,12,5,4,NULL,464,NULL),(924,NULL,NULL,'2019-11-24 00:00:00',NULL,1,'EMORDEM',40.00,0.00,1,65,5,4,NULL,465,NULL),(925,NULL,NULL,'2019-11-24 00:00:00',NULL,1,'EMORDEM',40.00,0.00,1,12,5,4,NULL,465,NULL),(926,NULL,NULL,'2019-11-24 00:00:00',NULL,1,'EMORDEM',40.00,0.00,1,65,5,4,NULL,466,NULL),(927,NULL,NULL,'2019-11-24 00:00:00',NULL,1,'EMORDEM',40.00,0.00,1,9,5,4,NULL,466,NULL),(928,NULL,NULL,'2019-11-24 00:00:00',NULL,1,'EMORDEM',40.00,0.00,1,36,5,4,NULL,467,NULL),(929,NULL,NULL,'2019-11-24 00:00:00',NULL,1,'EMORDEM',40.00,0.00,1,73,5,4,NULL,467,NULL),(930,NULL,NULL,'2019-11-24 00:00:00',NULL,1,'EMORDEM',40.00,0.00,1,36,5,4,NULL,468,NULL),(931,NULL,NULL,'2019-11-24 00:00:00',NULL,1,'EMORDEM',40.00,0.00,1,73,5,4,NULL,468,NULL),(932,NULL,NULL,'2019-11-24 00:00:00',NULL,1,'EMORDEM',40.00,0.00,1,36,5,4,NULL,469,NULL),(933,NULL,NULL,'2019-11-24 00:00:00',NULL,1,'EMORDEM',40.00,0.00,1,26,5,4,NULL,469,NULL),(934,NULL,NULL,'2019-11-24 00:00:00',NULL,1,'EMORDEM',40.00,0.00,1,53,5,4,NULL,470,NULL),(935,NULL,NULL,'2019-11-24 00:00:00',NULL,1,'EMORDEM',40.00,0.00,1,36,5,4,NULL,470,NULL),(936,NULL,NULL,'2019-11-24 00:00:00',NULL,1,'EMORDEM',40.00,0.00,1,28,5,4,NULL,471,NULL),(937,NULL,NULL,'2019-11-24 00:00:00',NULL,1,'EMORDEM',40.00,0.00,1,58,5,4,NULL,471,NULL),(938,NULL,NULL,'2019-11-24 00:00:00',NULL,1,'EMORDEM',40.00,0.00,1,36,5,4,NULL,472,NULL),(939,NULL,NULL,'2019-11-24 00:00:00',NULL,1,'EMORDEM',40.00,0.00,1,26,5,4,NULL,472,NULL),(940,NULL,NULL,'2019-11-24 00:00:00',NULL,1,'EMORDEM',40.00,0.00,1,36,5,4,NULL,473,NULL),(941,NULL,NULL,'2019-11-24 00:00:00',NULL,1,'EMORDEM',40.00,0.00,1,73,5,4,NULL,473,NULL),(942,NULL,NULL,'2019-11-24 00:00:00',NULL,1,'EMORDEM',40.00,0.00,1,28,5,4,NULL,474,NULL),(943,NULL,NULL,'2019-11-24 00:00:00',NULL,1,'EMORDEM',40.00,0.00,1,27,5,4,NULL,474,NULL),(944,NULL,NULL,'2019-11-24 00:00:00',NULL,1,'EMORDEM',40.00,0.00,1,68,5,4,NULL,475,NULL),(945,NULL,NULL,'2019-11-24 00:00:00',NULL,1,'EMORDEM',40.00,0.00,1,28,5,4,NULL,475,NULL),(946,NULL,NULL,'2019-11-24 00:00:00',NULL,1,'EMORDEM',40.00,0.00,1,9,5,4,NULL,476,NULL),(947,NULL,NULL,'2019-11-24 00:00:00',NULL,1,'EMORDEM',40.00,0.00,1,73,5,4,NULL,476,NULL),(948,NULL,NULL,'2019-11-24 00:00:00',NULL,1,'EMORDEM',40.00,0.00,1,26,5,4,NULL,477,NULL),(949,NULL,NULL,'2019-11-24 00:00:00',NULL,1,'EMORDEM',40.00,0.00,1,12,5,4,NULL,477,NULL),(950,NULL,NULL,'2019-11-24 00:00:00',NULL,1,'EMORDEM',40.00,0.00,1,22,5,4,NULL,484,NULL),(951,NULL,NULL,'2019-11-24 00:00:00',NULL,1,'EMORDEM',40.00,0.00,1,124,5,4,NULL,478,NULL),(952,NULL,NULL,'2019-11-24 00:00:00',NULL,1,'EMORDEM',40.00,0.00,1,124,5,4,NULL,479,NULL),(953,NULL,NULL,'2019-11-24 00:00:00',NULL,1,'EMORDEM',40.00,0.00,1,125,5,4,NULL,478,NULL),(954,NULL,NULL,'2019-11-24 00:00:00',NULL,1,'EMORDEM',40.00,0.00,1,125,5,4,NULL,479,NULL),(955,NULL,NULL,'2019-11-24 00:00:00',NULL,1,'EMORDEM',40.00,0.00,1,39,5,4,NULL,480,NULL),(956,NULL,NULL,'2019-11-24 00:00:00',NULL,1,'EMORDEM',40.00,0.00,1,36,5,4,NULL,480,NULL),(957,NULL,NULL,'2019-11-24 00:00:00',NULL,1,'EMORDEM',40.00,0.00,1,126,5,4,NULL,481,NULL),(958,NULL,NULL,'2019-11-24 00:00:00',NULL,1,'EMORDEM',40.00,0.00,1,60,5,4,NULL,481,NULL),(959,NULL,NULL,'2019-11-24 00:00:00',NULL,1,'EMORDEM',40.00,0.00,1,126,5,4,NULL,482,NULL),(960,NULL,NULL,'2019-11-24 00:00:00',NULL,1,'EMORDEM',40.00,0.00,1,22,5,4,NULL,482,NULL),(961,NULL,NULL,'2019-11-24 00:00:00',NULL,1,'EMORDEM',40.00,0.00,1,27,5,4,NULL,483,NULL),(962,NULL,NULL,'2019-11-24 00:00:00',NULL,1,'EMORDEM',40.00,0.00,1,28,5,4,NULL,483,NULL),(963,NULL,NULL,'2019-11-24 00:00:00',NULL,1,'EMORDEM',40.00,0.00,1,126,5,4,NULL,484,NULL);
/*!40000 ALTER TABLE `tb_ficha_inscricao` ENABLE KEYS */;
UNLOCK TABLES;

--
-- Table structure for table `tb_ocorrencia`
--

DROP TABLE IF EXISTS `tb_ocorrencia`;
/*!40101 SET @saved_cs_client     = @@character_set_client */;
/*!40101 SET character_set_client = utf8 */;
CREATE TABLE `tb_ocorrencia` (
  `oc_id` bigint(20) NOT NULL AUTO_INCREMENT,
  `oc_data` date DEFAULT NULL,
  `oc_descricao` varchar(255) DEFAULT NULL,
  `oc_hora` date DEFAULT NULL,
  `oc_programa` varchar(100) DEFAULT NULL,
  `oc_usuario` tinyblob,
  PRIMARY KEY (`oc_id`)
) ENGINE=InnoDB DEFAULT CHARSET=utf8;
/*!40101 SET character_set_client = @saved_cs_client */;

--
-- Dumping data for table `tb_ocorrencia`
--

LOCK TABLES `tb_ocorrencia` WRITE;
/*!40000 ALTER TABLE `tb_ocorrencia` DISABLE KEYS */;
/*!40000 ALTER TABLE `tb_ocorrencia` ENABLE KEYS */;
UNLOCK TABLES;

--
-- Table structure for table `tb_ordem_entrada`
--

DROP TABLE IF EXISTS `tb_ordem_entrada`;
/*!40101 SET @saved_cs_client     = @@character_set_client */;
/*!40101 SET character_set_client = utf8 */;
CREATE TABLE `tb_ordem_entrada` (
  `od_id` bigint(20) NOT NULL AUTO_INCREMENT,
  `od_data` date DEFAULT NULL,
  `od_data_alteracao` datetime DEFAULT NULL,
  `od_hora` time DEFAULT NULL,
  `od_campeonato` bigint(20) NOT NULL,
  `od_divisao` bigint(20) NOT NULL,
  `od_etapa` bigint(20) NOT NULL,
  `od_ocorrencia` bigint(20) DEFAULT NULL,
  `od_us_alteracao` bigint(20) DEFAULT NULL,
  PRIMARY KEY (`od_id`),
  KEY `FK_c4isse3w5a0jma6qqaidnxax8` (`od_campeonato`),
  KEY `FK_l8ujwwq9yi48h5m7j0wcmsuv4` (`od_divisao`),
  KEY `FK_t8x49owg8kao9q1ki45e8lv2n` (`od_etapa`),
  KEY `FK_1vn0a0ho0w2nycwyad23yc973` (`od_ocorrencia`),
  KEY `FK_c8y78cai47j70rlb61iybovo4` (`od_us_alteracao`),
  CONSTRAINT `FK_1vn0a0ho0w2nycwyad23yc973` FOREIGN KEY (`od_ocorrencia`) REFERENCES `tb_ocorrencia` (`oc_id`),
  CONSTRAINT `FK_c4isse3w5a0jma6qqaidnxax8` FOREIGN KEY (`od_campeonato`) REFERENCES `tb_campeonato` (`cp_id`),
  CONSTRAINT `FK_c8y78cai47j70rlb61iybovo4` FOREIGN KEY (`od_us_alteracao`) REFERENCES `tb_usuario` (`us_id`),
  CONSTRAINT `FK_l8ujwwq9yi48h5m7j0wcmsuv4` FOREIGN KEY (`od_divisao`) REFERENCES `tb_divisao` (`dv_id`),
  CONSTRAINT `FK_t8x49owg8kao9q1ki45e8lv2n` FOREIGN KEY (`od_etapa`) REFERENCES `tb_etapa` (`ep_id`)
) ENGINE=InnoDB AUTO_INCREMENT=12 DEFAULT CHARSET=utf8;
/*!40101 SET character_set_client = @saved_cs_client */;

--
-- Dumping data for table `tb_ordem_entrada`
--

LOCK TABLES `tb_ordem_entrada` WRITE;
/*!40000 ALTER TABLE `tb_ordem_entrada` DISABLE KEYS */;
INSERT INTO `tb_ordem_entrada` VALUES (1,NULL,NULL,NULL,1,1,1,NULL,NULL),(2,'2019-08-11',NULL,NULL,1,3,1,NULL,NULL),(3,NULL,NULL,NULL,1,1,2,NULL,NULL),(4,'2019-09-08',NULL,NULL,1,3,2,NULL,NULL),(5,NULL,NULL,NULL,2,3,3,NULL,NULL),(6,NULL,NULL,NULL,2,4,3,NULL,NULL),(9,NULL,NULL,NULL,1,4,4,NULL,NULL),(10,NULL,NULL,NULL,1,3,4,NULL,NULL),(11,NULL,NULL,NULL,1,5,4,NULL,NULL);
/*!40000 ALTER TABLE `tb_ordem_entrada` ENABLE KEYS */;
UNLOCK TABLES;

--
-- Table structure for table `tb_passada`
--

DROP TABLE IF EXISTS `tb_passada`;
/*!40101 SET @saved_cs_client     = @@character_set_client */;
/*!40101 SET character_set_client = utf8 */;
CREATE TABLE `tb_passada` (
  `pa_id` bigint(20) NOT NULL AUTO_INCREMENT,
  `pa_data_alteracao` datetime DEFAULT NULL,
  `pa_numero_boi` bigint(20) DEFAULT NULL,
  `pa_numero_dupla` bigint(20) DEFAULT NULL,
  `pa_qnt_boi` bigint(20) DEFAULT NULL,
  `pa_ranking` bigint(20) DEFAULT NULL,
  `pa_sat` varchar(10) DEFAULT NULL,
  `pa_tempo` varchar(20) DEFAULT NULL,
  `pa_ocorrencia` bigint(20) DEFAULT NULL,
  `pa_ordem_entrada_id` bigint(20) DEFAULT NULL,
  `pa_us_alteracao` bigint(20) DEFAULT NULL,
  `pa_boiada_id` bigint(20) DEFAULT NULL,
  PRIMARY KEY (`pa_id`),
  KEY `FK_rc61yt9obq2eeqbusmms336oo` (`pa_ocorrencia`),
  KEY `FK_jqqiyjh70aknvvue4s222fhn4` (`pa_ordem_entrada_id`),
  KEY `FK_1fm0kc2imeg1r2wix2mwdlnrm` (`pa_us_alteracao`),
  KEY `FK_pvndu0twcph8j0lw78l79pca0` (`pa_boiada_id`),
  CONSTRAINT `FK_1fm0kc2imeg1r2wix2mwdlnrm` FOREIGN KEY (`pa_us_alteracao`) REFERENCES `tb_usuario` (`us_id`),
  CONSTRAINT `FK_jqqiyjh70aknvvue4s222fhn4` FOREIGN KEY (`pa_ordem_entrada_id`) REFERENCES `tb_ordem_entrada` (`od_id`),
  CONSTRAINT `FK_pvndu0twcph8j0lw78l79pca0` FOREIGN KEY (`pa_boiada_id`) REFERENCES `tb_boiada` (`bo_id`),
  CONSTRAINT `FK_rc61yt9obq2eeqbusmms336oo` FOREIGN KEY (`pa_ocorrencia`) REFERENCES `tb_ocorrencia` (`oc_id`)
) ENGINE=InnoDB AUTO_INCREMENT=485 DEFAULT CHARSET=utf8;
/*!40101 SET character_set_client = @saved_cs_client */;

--
-- Dumping data for table `tb_passada`
--

LOCK TABLES `tb_passada` WRITE;
/*!40000 ALTER TABLE `tb_passada` DISABLE KEYS */;
INSERT INTO `tb_passada` VALUES (1,NULL,2,1,NULL,NULL,'S','',NULL,1,NULL,NULL),(2,NULL,4,2,NULL,NULL,'S','',NULL,1,NULL,NULL),(3,NULL,3,3,NULL,NULL,'S','',NULL,1,NULL,NULL),(4,NULL,7,4,NULL,NULL,'S','',NULL,1,NULL,NULL),(5,NULL,6,5,NULL,NULL,'S','',NULL,1,NULL,NULL),(6,NULL,0,6,NULL,NULL,'S','',NULL,1,NULL,NULL),(7,NULL,9,7,NULL,NULL,'S','',NULL,1,NULL,NULL),(8,NULL,5,8,10,NULL,'N','00:80:669',NULL,1,NULL,NULL),(9,NULL,8,9,NULL,NULL,'S','',NULL,1,NULL,NULL),(10,NULL,1,10,NULL,NULL,'S','',NULL,1,NULL,NULL),(11,NULL,4,11,NULL,NULL,'S','',NULL,1,NULL,NULL),(12,NULL,6,12,NULL,NULL,'S','',NULL,1,NULL,NULL),(13,NULL,8,13,NULL,NULL,'S','',NULL,1,NULL,NULL),(14,NULL,0,14,NULL,NULL,'S','',NULL,1,NULL,NULL),(15,NULL,2,15,NULL,NULL,'S','',NULL,1,NULL,NULL),(16,NULL,5,16,NULL,NULL,'S','',NULL,1,NULL,NULL),(17,NULL,1,17,NULL,NULL,'S','',NULL,1,NULL,NULL),(18,NULL,9,18,NULL,NULL,'S','',NULL,1,NULL,NULL),(19,NULL,7,19,NULL,NULL,'S','',NULL,1,NULL,NULL),(20,NULL,3,20,NULL,NULL,'S','',NULL,1,NULL,NULL),(21,NULL,8,21,NULL,NULL,'S','',NULL,1,NULL,NULL),(22,NULL,1,22,10,NULL,'N','00:59:678',NULL,1,NULL,NULL),(23,NULL,5,23,NULL,NULL,'S','',NULL,1,NULL,NULL),(24,NULL,7,24,10,NULL,'N','00:43:950',NULL,1,NULL,NULL),(25,NULL,0,25,NULL,NULL,'S','',NULL,1,NULL,NULL),(26,NULL,2,26,10,NULL,'N','00:67:920',NULL,1,NULL,NULL),(27,NULL,6,27,NULL,NULL,'S','',NULL,1,NULL,NULL),(28,NULL,9,28,NULL,NULL,'S','',NULL,1,NULL,NULL),(29,NULL,4,29,NULL,NULL,'S','',NULL,1,NULL,NULL),(30,NULL,3,30,10,NULL,'N','00:73:576',NULL,1,NULL,NULL),(31,NULL,0,31,NULL,NULL,'S','',NULL,1,NULL,NULL),(32,NULL,2,32,10,NULL,'N','00:71:442',NULL,1,NULL,NULL),(33,NULL,1,33,10,NULL,'N','00:51:019',NULL,1,NULL,NULL),(34,NULL,9,34,NULL,NULL,'S','',NULL,1,NULL,NULL),(35,NULL,4,35,NULL,NULL,'S','',NULL,1,NULL,NULL),(36,NULL,5,36,NULL,NULL,'S','',NULL,1,NULL,NULL),(37,NULL,7,37,10,NULL,'N','00:61:071',NULL,1,NULL,NULL),(38,NULL,8,38,10,NULL,'N','00:60:705',NULL,1,NULL,NULL),(39,NULL,3,39,NULL,NULL,'S','',NULL,1,NULL,NULL),(40,NULL,6,40,NULL,NULL,'S','',NULL,1,NULL,NULL),(41,NULL,8,41,NULL,NULL,'S','',NULL,1,NULL,NULL),(42,NULL,2,42,10,NULL,'N','00:46:839',NULL,1,NULL,NULL),(43,NULL,9,43,NULL,NULL,'S','',NULL,1,NULL,NULL),(44,NULL,7,44,NULL,NULL,'S','',NULL,1,NULL,NULL),(45,NULL,0,45,NULL,NULL,'S','',NULL,1,NULL,NULL),(46,NULL,4,46,10,NULL,'N','00:67:327',NULL,1,NULL,NULL),(47,NULL,3,47,NULL,NULL,'S','',NULL,1,NULL,NULL),(48,NULL,5,48,10,NULL,'N','00:66:070',NULL,1,NULL,NULL),(49,NULL,1,49,NULL,NULL,'S','',NULL,1,NULL,NULL),(50,NULL,6,50,10,NULL,'N','00:61:598',NULL,1,NULL,NULL),(51,NULL,3,51,NULL,NULL,'S','',NULL,1,NULL,NULL),(52,NULL,2,52,10,NULL,'N','00:41:905',NULL,1,NULL,NULL),(53,NULL,8,53,10,NULL,'N','00:51:595',NULL,1,NULL,NULL),(54,NULL,0,54,NULL,NULL,'S','',NULL,1,NULL,NULL),(55,NULL,9,55,10,NULL,'N','00:47:975',NULL,1,NULL,NULL),(56,NULL,1,56,NULL,NULL,'S','',NULL,1,NULL,NULL),(57,NULL,5,57,NULL,NULL,'S','',NULL,1,NULL,NULL),(58,NULL,7,58,NULL,NULL,'S','',NULL,1,NULL,NULL),(59,NULL,4,59,10,NULL,'N','00:37:612',NULL,1,NULL,NULL),(60,NULL,6,60,NULL,NULL,'S','',NULL,1,NULL,NULL),(63,NULL,NULL,40,NULL,NULL,'S','',NULL,2,NULL,NULL),(64,NULL,7,11,NULL,NULL,'S','',NULL,2,NULL,NULL),(65,NULL,7,22,10,NULL,'N','00:38:753',NULL,2,NULL,NULL),(66,NULL,1,65,NULL,NULL,'S','',NULL,2,NULL,NULL),(67,NULL,2,69,10,NULL,'N','00:39:713',NULL,2,NULL,NULL),(68,NULL,1,43,NULL,NULL,'S','',NULL,2,NULL,NULL),(69,NULL,2,5,10,NULL,'N','00:40:003',NULL,2,NULL,NULL),(70,NULL,8,59,NULL,NULL,'S','',NULL,2,NULL,NULL),(71,NULL,5,6,10,NULL,'N','00:50:407',NULL,2,NULL,NULL),(72,NULL,5,67,NULL,NULL,'S','',NULL,2,NULL,NULL),(73,NULL,7,49,NULL,NULL,'S','',NULL,2,NULL,NULL),(74,NULL,0,27,NULL,NULL,'S','',NULL,2,NULL,NULL),(75,NULL,3,51,NULL,NULL,'S','',NULL,2,NULL,NULL),(76,NULL,NULL,77,7,NULL,'N','00:57:606',NULL,2,NULL,NULL),(77,NULL,0,41,10,NULL,'N','00:42:989',NULL,2,NULL,NULL),(78,NULL,1,20,10,NULL,'N','00:45:156',NULL,2,NULL,NULL),(79,NULL,NULL,82,10,NULL,'','00:33:216',NULL,2,NULL,NULL),(80,NULL,1,54,NULL,NULL,'S','',NULL,2,NULL,NULL),(81,NULL,4,53,NULL,NULL,'S','',NULL,2,NULL,NULL),(82,NULL,9,16,NULL,NULL,'S','',NULL,2,NULL,NULL),(83,NULL,3,68,NULL,NULL,'S','',NULL,2,NULL,NULL),(84,NULL,9,31,NULL,NULL,'S','',NULL,2,NULL,NULL),(85,NULL,8,2,NULL,NULL,'S','',NULL,2,NULL,NULL),(86,NULL,7,10,NULL,NULL,'S','',NULL,2,NULL,NULL),(87,NULL,7,63,NULL,NULL,'S','',NULL,2,NULL,NULL),(88,NULL,3,33,NULL,NULL,'S','',NULL,2,NULL,NULL),(89,NULL,NULL,79,NULL,NULL,'S','',NULL,2,NULL,NULL),(90,NULL,NULL,66,NULL,NULL,'S','',NULL,2,NULL,NULL),(91,NULL,1,1,NULL,NULL,'S','',NULL,2,NULL,NULL),(92,NULL,4,32,10,NULL,'N','00:40:831',NULL,2,NULL,NULL),(93,NULL,8,14,10,NULL,'N','00:52:967',NULL,2,NULL,NULL),(94,NULL,6,78,10,NULL,'N','00:41:366',NULL,2,NULL,NULL),(95,NULL,3,18,10,NULL,'N','00:50:926',NULL,2,NULL,NULL),(96,NULL,8,25,NULL,NULL,'S','',NULL,2,NULL,NULL),(97,NULL,4,42,NULL,NULL,'S','',NULL,2,NULL,NULL),(98,NULL,9,52,10,NULL,'N','00:40:668',NULL,2,NULL,NULL),(99,NULL,1,34,NULL,NULL,'S','',NULL,2,NULL,NULL),(100,NULL,2,81,10,NULL,'N','00:36:775',NULL,2,NULL,NULL),(101,NULL,2,45,NULL,NULL,'S','',NULL,2,NULL,NULL),(102,NULL,7,37,NULL,NULL,'S','',NULL,2,NULL,NULL),(103,NULL,1,21,NULL,NULL,'S','',NULL,2,NULL,NULL),(104,NULL,4,64,NULL,NULL,'S','',NULL,2,NULL,NULL),(105,NULL,NULL,80,NULL,NULL,'S','',NULL,2,NULL,NULL),(106,NULL,7,44,NULL,NULL,'S','',NULL,2,NULL,NULL),(107,NULL,0,57,10,NULL,'N','00:37:163',NULL,2,NULL,NULL),(108,NULL,6,70,10,NULL,'N','00:52:201',NULL,2,NULL,NULL),(109,NULL,NULL,39,10,NULL,'N','00:50:488',NULL,2,NULL,NULL),(110,NULL,6,4,10,NULL,'N','00:53:466',NULL,2,NULL,NULL),(111,NULL,0,75,10,NULL,'N','00:44:779',NULL,2,NULL,NULL),(112,NULL,5,15,NULL,NULL,'S','',NULL,2,NULL,NULL),(113,NULL,4,23,10,NULL,'N','00:30:467',NULL,2,NULL,NULL),(114,NULL,9,9,10,NULL,'N','00:57:836',NULL,2,NULL,NULL),(115,NULL,5,56,10,NULL,'N','00:30:224',NULL,2,NULL,NULL),(116,NULL,4,7,NULL,NULL,'S','',NULL,2,NULL,NULL),(117,NULL,3,30,10,NULL,'N','00:27:143',NULL,2,NULL,NULL),(118,NULL,9,28,NULL,NULL,'S','',NULL,2,NULL,NULL),(119,NULL,2,55,NULL,NULL,'S','',NULL,2,NULL,NULL),(120,NULL,9,50,NULL,NULL,'S','',NULL,2,NULL,NULL),(121,NULL,9,71,NULL,NULL,'S','',NULL,2,NULL,NULL),(122,NULL,5,46,10,NULL,'N','00:34:687',NULL,2,NULL,NULL),(123,NULL,2,36,NULL,NULL,'S','',NULL,2,NULL,NULL),(124,NULL,8,72,NULL,NULL,'S','',NULL,2,NULL,NULL),(125,NULL,0,3,NULL,NULL,'S','',NULL,2,NULL,NULL),(126,NULL,4,12,NULL,NULL,'S','',NULL,2,NULL,NULL),(127,NULL,6,58,10,NULL,'N','00:46:709',NULL,2,NULL,NULL),(128,NULL,3,48,NULL,NULL,'S','',NULL,2,NULL,NULL),(129,NULL,8,35,NULL,NULL,'S','',NULL,2,NULL,NULL),(130,NULL,8,47,NULL,NULL,'S','',NULL,2,NULL,NULL),(131,NULL,0,62,NULL,NULL,'S','',NULL,2,NULL,NULL),(132,NULL,6,24,10,NULL,'N','00:47:445',NULL,2,NULL,NULL),(133,NULL,3,8,NULL,NULL,'S','',NULL,2,NULL,NULL),(134,NULL,2,26,10,NULL,'N','00:47:924',NULL,2,NULL,NULL),(135,NULL,6,13,NULL,NULL,'S','',NULL,2,NULL,NULL),(136,NULL,7,60,NULL,NULL,'S','',NULL,2,NULL,NULL),(137,NULL,0,17,NULL,NULL,'S','',NULL,2,NULL,NULL),(138,NULL,7,73,NULL,NULL,'S','',NULL,2,NULL,NULL),(139,NULL,2,19,NULL,NULL,'S','',NULL,2,NULL,NULL),(140,NULL,8,61,NULL,NULL,'S','',NULL,2,NULL,NULL),(141,NULL,5,38,NULL,NULL,'S','',NULL,2,NULL,NULL),(142,NULL,5,74,NULL,NULL,'S','',NULL,2,NULL,NULL),(143,NULL,5,29,10,NULL,'N','00:52:622',NULL,2,NULL,NULL),(144,NULL,NULL,76,NULL,NULL,'S','',NULL,2,NULL,NULL),(145,NULL,7,1,10,NULL,'N','00:53:258',NULL,3,NULL,NULL),(146,NULL,6,2,NULL,NULL,'S','',NULL,3,NULL,NULL),(147,NULL,5,3,NULL,NULL,'S','',NULL,3,NULL,NULL),(148,NULL,8,4,NULL,NULL,'S','',NULL,3,NULL,NULL),(149,NULL,9,5,NULL,NULL,'S','',NULL,3,NULL,NULL),(150,NULL,4,6,NULL,NULL,'S','',NULL,3,NULL,NULL),(151,NULL,2,7,NULL,NULL,'S','',NULL,3,NULL,NULL),(152,NULL,0,8,NULL,NULL,'S','',NULL,3,NULL,NULL),(153,NULL,1,9,NULL,NULL,'S','',NULL,3,NULL,NULL),(154,NULL,3,10,NULL,NULL,'S','',NULL,3,NULL,NULL),(155,NULL,3,11,NULL,NULL,'S','',NULL,3,NULL,NULL),(156,NULL,8,12,10,NULL,'N','00:58:720',NULL,3,NULL,NULL),(157,NULL,1,13,NULL,NULL,'S','',NULL,3,NULL,NULL),(158,NULL,0,14,NULL,NULL,'S','',NULL,3,NULL,NULL),(159,NULL,9,15,10,NULL,'N','00:33:644',NULL,3,NULL,NULL),(160,NULL,2,16,NULL,NULL,'S','',NULL,3,NULL,NULL),(161,NULL,7,17,10,NULL,'N','00:45:589',NULL,3,NULL,NULL),(162,NULL,6,18,NULL,NULL,'S','',NULL,3,NULL,NULL),(163,NULL,4,19,NULL,NULL,'S','',NULL,3,NULL,NULL),(164,NULL,5,20,NULL,NULL,'S','',NULL,3,NULL,NULL),(165,NULL,8,21,NULL,NULL,'S','',NULL,3,NULL,NULL),(166,NULL,9,22,NULL,NULL,'S','',NULL,3,NULL,NULL),(167,NULL,0,23,NULL,NULL,'S','',NULL,3,NULL,NULL),(168,NULL,1,24,NULL,NULL,'S','',NULL,3,NULL,NULL),(169,NULL,4,25,10,NULL,'N','00:68:098',NULL,3,NULL,NULL),(170,NULL,6,26,10,NULL,'N','00:40:874',NULL,3,NULL,NULL),(171,NULL,5,27,10,NULL,'N','00:37:190',NULL,3,NULL,NULL),(172,NULL,2,28,NULL,NULL,'S','',NULL,3,NULL,NULL),(173,NULL,7,29,10,NULL,'N','00:37:271',NULL,3,NULL,NULL),(174,NULL,3,30,10,NULL,'N','00:52:341',NULL,3,NULL,NULL),(175,NULL,4,31,NULL,NULL,'S','',NULL,3,NULL,NULL),(176,NULL,2,32,NULL,NULL,'S','',NULL,3,NULL,NULL),(177,NULL,7,33,NULL,NULL,'S','',NULL,3,NULL,NULL),(178,NULL,9,34,NULL,NULL,'S','',NULL,3,NULL,NULL),(179,NULL,8,35,NULL,NULL,'S','',NULL,3,NULL,NULL),(180,NULL,6,36,NULL,NULL,'S','',NULL,3,NULL,NULL),(181,NULL,0,37,NULL,NULL,'S','',NULL,3,NULL,NULL),(182,NULL,5,38,NULL,NULL,'S','',NULL,3,NULL,NULL),(183,NULL,1,39,NULL,NULL,'S','',NULL,3,NULL,NULL),(184,NULL,3,40,NULL,NULL,'S','',NULL,3,NULL,NULL),(185,NULL,9,41,NULL,NULL,'S','',NULL,3,NULL,NULL),(186,NULL,7,42,NULL,NULL,'S','',NULL,3,NULL,NULL),(187,NULL,2,43,10,NULL,'N','00:39:690',NULL,3,NULL,NULL),(188,NULL,NULL,44,NULL,NULL,NULL,NULL,NULL,3,NULL,NULL),(189,NULL,NULL,45,NULL,NULL,NULL,NULL,NULL,3,NULL,NULL),(190,NULL,NULL,46,NULL,NULL,NULL,NULL,NULL,3,NULL,NULL),(191,NULL,NULL,47,NULL,NULL,NULL,NULL,NULL,3,NULL,NULL),(192,NULL,NULL,48,NULL,NULL,NULL,NULL,NULL,3,NULL,NULL),(193,NULL,NULL,49,NULL,NULL,NULL,NULL,NULL,3,NULL,NULL),(194,NULL,NULL,50,NULL,NULL,NULL,NULL,NULL,3,NULL,NULL),(195,NULL,NULL,51,NULL,NULL,NULL,NULL,NULL,3,NULL,NULL),(196,NULL,NULL,52,NULL,NULL,NULL,NULL,NULL,3,NULL,NULL),(197,NULL,NULL,53,NULL,NULL,NULL,NULL,NULL,3,NULL,NULL),(198,NULL,2,17,NULL,NULL,'S','',NULL,4,NULL,NULL),(199,NULL,6,49,NULL,NULL,'S','',NULL,4,NULL,NULL),(200,NULL,2,72,NULL,NULL,'S','',NULL,4,NULL,NULL),(201,NULL,6,26,8,NULL,'N','00:59:105',NULL,4,NULL,NULL),(204,NULL,0,79,NULL,NULL,'S','',NULL,4,NULL,NULL),(205,NULL,8,83,10,NULL,'N','00:25:879',NULL,4,NULL,NULL),(206,NULL,2,85,NULL,NULL,'S','',NULL,4,NULL,NULL),(207,NULL,5,71,NULL,NULL,'S','',NULL,4,NULL,NULL),(208,NULL,9,80,NULL,NULL,'S','',NULL,4,NULL,NULL),(209,NULL,4,48,NULL,NULL,'S','',NULL,4,NULL,NULL),(210,NULL,6,14,10,NULL,'N','00:38:266',NULL,4,NULL,NULL),(211,NULL,7,77,NULL,NULL,'S','',NULL,4,NULL,NULL),(212,NULL,2,61,NULL,NULL,'S','',NULL,4,NULL,NULL),(213,NULL,0,21,NULL,NULL,'S','',NULL,4,NULL,NULL),(214,NULL,2,6,10,NULL,'N','00:38:879',NULL,4,NULL,NULL),(215,NULL,8,3,10,NULL,'N','00:35:272',NULL,4,NULL,NULL),(216,NULL,1,15,NULL,NULL,'S','',NULL,4,NULL,NULL),(217,NULL,9,87,10,NULL,'N','00:34:712',NULL,4,NULL,NULL),(218,NULL,1,64,10,NULL,'N','00:46:374',NULL,4,NULL,NULL),(219,NULL,6,69,10,NULL,'N','00:30:484',NULL,4,NULL,NULL),(220,NULL,1,93,NULL,NULL,'S','',NULL,4,NULL,NULL),(221,NULL,4,37,NULL,NULL,'S','',NULL,4,NULL,NULL),(222,NULL,5,4,10,NULL,'N','00:42:267',NULL,4,NULL,NULL),(225,NULL,0,1,NULL,NULL,'S','',NULL,4,NULL,NULL),(226,NULL,7,51,NULL,NULL,'S','',NULL,4,NULL,NULL),(227,NULL,3,73,NULL,NULL,'S','',NULL,4,NULL,NULL),(228,NULL,9,47,NULL,NULL,'S','',NULL,4,NULL,NULL),(229,NULL,5,52,NULL,NULL,'S','',NULL,4,NULL,NULL),(230,NULL,1,2,NULL,NULL,'S','',NULL,4,NULL,NULL),(231,NULL,8,60,NULL,NULL,'S','',NULL,4,NULL,NULL),(232,NULL,8,66,NULL,NULL,'S','',NULL,4,NULL,NULL),(233,NULL,5,92,10,NULL,'N','00:49:782',NULL,4,NULL,NULL),(234,NULL,9,13,NULL,NULL,'S','',NULL,4,NULL,NULL),(235,NULL,8,18,NULL,NULL,'S','',NULL,4,NULL,NULL),(236,NULL,1,22,NULL,NULL,'S','',NULL,4,NULL,NULL),(237,NULL,9,36,NULL,NULL,'S','',NULL,4,NULL,NULL),(238,NULL,1,45,NULL,NULL,'S','',NULL,4,NULL,NULL),(239,NULL,0,35,NULL,NULL,'S','',NULL,4,NULL,NULL),(240,NULL,7,39,NULL,NULL,'S','',NULL,4,NULL,NULL),(241,NULL,3,7,NULL,NULL,'S','',NULL,4,NULL,NULL),(242,NULL,7,84,NULL,NULL,'S','',NULL,4,NULL,NULL),(243,NULL,7,10,NULL,NULL,'S','',NULL,4,NULL,NULL),(244,NULL,2,58,NULL,NULL,'S','',NULL,4,NULL,NULL),(245,NULL,5,31,10,NULL,'N','00:39:053',NULL,4,NULL,NULL),(246,NULL,0,43,NULL,NULL,'S','',NULL,4,NULL,NULL),(247,NULL,2,44,NULL,NULL,'S','',NULL,4,NULL,NULL),(248,NULL,9,9,NULL,NULL,'S','',NULL,4,NULL,NULL),(249,NULL,6,32,NULL,NULL,'S','',NULL,4,NULL,NULL),(250,NULL,6,81,NULL,NULL,'S','',NULL,4,NULL,NULL),(251,NULL,4,25,NULL,NULL,'S','',NULL,4,NULL,NULL),(252,NULL,6,5,10,NULL,'N','00:41:545',NULL,4,NULL,NULL),(253,NULL,5,46,NULL,NULL,'S','',NULL,4,NULL,NULL),(254,NULL,7,29,NULL,NULL,'S','',NULL,4,NULL,NULL),(255,NULL,5,67,10,NULL,'N','00:37:650',NULL,4,NULL,NULL),(256,NULL,4,82,NULL,NULL,'S','',NULL,4,NULL,NULL),(257,NULL,9,28,NULL,NULL,'S','',NULL,4,NULL,NULL),(258,NULL,8,40,10,NULL,'N','00:41:512',NULL,4,NULL,NULL),(259,NULL,4,57,NULL,NULL,'S','',NULL,4,NULL,NULL),(260,NULL,4,11,NULL,NULL,'S','',NULL,4,NULL,NULL),(262,NULL,9,62,NULL,NULL,'S','',NULL,4,NULL,NULL),(263,NULL,5,89,NULL,NULL,'S','',NULL,4,NULL,NULL),(264,NULL,5,16,NULL,NULL,'S','',NULL,4,NULL,NULL),(265,NULL,4,74,NULL,NULL,'S','',NULL,4,NULL,NULL),(266,NULL,2,33,NULL,NULL,'S','',NULL,4,NULL,NULL),(267,NULL,5,42,NULL,NULL,'S','',NULL,4,NULL,NULL),(268,NULL,4,8,NULL,NULL,'S','',NULL,4,NULL,NULL),(269,NULL,5,27,NULL,NULL,'S','',NULL,4,NULL,NULL),(270,NULL,6,75,NULL,NULL,'S','',NULL,4,NULL,NULL),(271,NULL,3,41,NULL,NULL,'S','',NULL,4,NULL,NULL),(273,NULL,3,20,NULL,NULL,'S','',NULL,4,NULL,NULL),(274,NULL,3,59,10,NULL,'N','00:35:004',NULL,4,NULL,NULL),(275,NULL,2,30,NULL,NULL,'S','',NULL,4,NULL,NULL),(276,NULL,9,54,NULL,NULL,'S','',NULL,4,NULL,NULL),(277,NULL,3,23,NULL,NULL,'S','',NULL,4,NULL,NULL),(278,NULL,3,65,10,NULL,'N','00:33:219',NULL,4,NULL,NULL),(279,NULL,0,53,10,NULL,'N','00:40:198',NULL,4,NULL,NULL),(280,NULL,0,63,NULL,NULL,'S','',NULL,4,NULL,NULL),(281,NULL,7,68,NULL,NULL,'S','',NULL,4,NULL,NULL),(282,NULL,8,76,NULL,NULL,'S','',NULL,4,NULL,NULL),(283,NULL,3,38,NULL,NULL,'S','',NULL,4,NULL,NULL),(284,NULL,1,78,NULL,NULL,'S','',NULL,4,NULL,NULL),(285,NULL,3,86,NULL,NULL,'S','',NULL,4,NULL,NULL),(286,NULL,6,56,NULL,NULL,'S','',NULL,4,NULL,NULL),(287,NULL,8,50,NULL,NULL,'S','',NULL,4,NULL,NULL),(288,NULL,3,94,10,NULL,'N','00:28:807',NULL,4,NULL,NULL),(289,NULL,1,34,NULL,NULL,'S','',NULL,4,NULL,NULL),(290,NULL,9,91,NULL,NULL,'S','',NULL,4,NULL,NULL),(291,NULL,1,55,10,NULL,'N','00:43:493',NULL,4,NULL,NULL),(292,NULL,0,12,10,NULL,'N','00:55:925',NULL,4,NULL,NULL),(293,NULL,0,90,NULL,NULL,'S','',NULL,4,NULL,NULL),(294,NULL,8,24,10,NULL,'N','00:48:841',NULL,4,NULL,NULL),(295,NULL,7,19,NULL,NULL,'S','',NULL,4,NULL,NULL),(296,NULL,1,88,NULL,NULL,'S','',NULL,4,NULL,NULL),(297,NULL,4,70,10,NULL,'N','00:40:555',NULL,4,NULL,NULL),(298,NULL,8,9,8,NULL,'N','00:58:293',NULL,5,NULL,NULL),(299,NULL,NULL,1,NULL,NULL,NULL,NULL,NULL,5,NULL,NULL),(300,NULL,NULL,21,NULL,NULL,NULL,NULL,NULL,5,NULL,NULL),(301,NULL,NULL,12,NULL,NULL,NULL,NULL,NULL,5,NULL,NULL),(302,NULL,NULL,7,NULL,NULL,NULL,NULL,NULL,5,NULL,NULL),(303,NULL,NULL,33,NULL,NULL,NULL,NULL,NULL,5,NULL,NULL),(304,NULL,NULL,4,NULL,NULL,NULL,NULL,NULL,5,NULL,NULL),(305,NULL,NULL,36,NULL,NULL,NULL,NULL,NULL,5,NULL,NULL),(306,NULL,NULL,5,NULL,NULL,NULL,NULL,NULL,5,NULL,NULL),(307,NULL,NULL,29,NULL,NULL,NULL,NULL,NULL,5,NULL,NULL),(308,NULL,NULL,23,NULL,NULL,NULL,NULL,NULL,5,NULL,NULL),(309,NULL,NULL,13,NULL,NULL,NULL,NULL,NULL,5,NULL,NULL),(310,NULL,NULL,25,NULL,NULL,NULL,NULL,NULL,5,NULL,NULL),(311,NULL,NULL,19,NULL,NULL,NULL,NULL,NULL,5,NULL,NULL),(312,NULL,NULL,40,NULL,NULL,NULL,NULL,NULL,5,NULL,NULL),(313,NULL,NULL,39,NULL,NULL,NULL,NULL,NULL,5,NULL,NULL),(314,NULL,NULL,34,NULL,NULL,NULL,NULL,NULL,5,NULL,NULL),(315,NULL,NULL,11,NULL,NULL,NULL,NULL,NULL,5,NULL,NULL),(316,NULL,NULL,38,NULL,NULL,NULL,NULL,NULL,5,NULL,NULL),(317,NULL,9,3,8,NULL,'N','00:57:839',NULL,5,NULL,NULL),(318,NULL,NULL,16,NULL,NULL,NULL,NULL,NULL,5,NULL,NULL),(319,NULL,NULL,30,NULL,NULL,NULL,NULL,NULL,5,NULL,NULL),(320,NULL,NULL,32,NULL,NULL,NULL,NULL,NULL,5,NULL,NULL),(321,NULL,7,6,10,NULL,'N','00:36:732',NULL,5,NULL,NULL),(322,NULL,NULL,26,NULL,NULL,NULL,NULL,NULL,5,NULL,NULL),(323,NULL,NULL,10,NULL,NULL,NULL,NULL,NULL,5,NULL,NULL),(324,NULL,NULL,17,NULL,NULL,NULL,NULL,NULL,5,NULL,NULL),(325,NULL,NULL,35,NULL,NULL,NULL,NULL,NULL,5,NULL,NULL),(326,NULL,NULL,8,NULL,NULL,NULL,NULL,NULL,5,NULL,NULL),(327,NULL,NULL,37,NULL,NULL,NULL,NULL,NULL,5,NULL,NULL),(328,NULL,NULL,27,NULL,NULL,NULL,NULL,NULL,5,NULL,NULL),(329,NULL,NULL,18,NULL,NULL,NULL,NULL,NULL,5,NULL,NULL),(330,NULL,NULL,14,NULL,NULL,NULL,NULL,NULL,5,NULL,NULL),(335,NULL,NULL,28,NULL,NULL,NULL,NULL,NULL,5,NULL,NULL),(336,NULL,6,15,6,NULL,'N','00:24:494',NULL,5,NULL,NULL),(337,NULL,NULL,22,NULL,NULL,NULL,NULL,NULL,5,NULL,NULL),(338,NULL,NULL,20,NULL,NULL,NULL,NULL,NULL,5,NULL,NULL),(339,NULL,7,24,10,NULL,'N','00:38:177',NULL,5,NULL,NULL),(340,NULL,6,2,10,NULL,'N','00:33:973',NULL,5,NULL,NULL),(341,NULL,NULL,31,NULL,NULL,NULL,NULL,NULL,5,NULL,NULL),(342,NULL,NULL,13,NULL,NULL,NULL,NULL,NULL,6,NULL,NULL),(343,NULL,NULL,47,NULL,NULL,NULL,NULL,NULL,6,NULL,NULL),(344,NULL,NULL,21,NULL,NULL,NULL,NULL,NULL,6,NULL,NULL),(345,NULL,NULL,14,NULL,NULL,NULL,NULL,NULL,6,NULL,NULL),(346,NULL,NULL,25,NULL,NULL,NULL,NULL,NULL,6,NULL,NULL),(347,NULL,2,49,10,NULL,'N','00:57:706',NULL,6,NULL,NULL),(348,NULL,NULL,12,NULL,NULL,NULL,NULL,NULL,6,NULL,NULL),(349,NULL,NULL,26,NULL,NULL,NULL,NULL,NULL,6,NULL,NULL),(350,NULL,NULL,17,NULL,NULL,NULL,NULL,NULL,6,NULL,NULL),(351,NULL,8,34,10,NULL,'N','00:58:533',NULL,6,NULL,NULL),(352,NULL,NULL,23,NULL,NULL,NULL,NULL,NULL,6,NULL,NULL),(353,NULL,NULL,42,NULL,NULL,NULL,NULL,NULL,6,NULL,NULL),(354,NULL,NULL,50,NULL,NULL,NULL,NULL,NULL,6,NULL,NULL),(355,NULL,0,45,10,NULL,'N','00:58:899',NULL,6,NULL,NULL),(356,NULL,NULL,24,NULL,NULL,NULL,NULL,NULL,6,NULL,NULL),(357,NULL,NULL,9,NULL,NULL,NULL,NULL,NULL,6,NULL,NULL),(358,NULL,NULL,41,NULL,NULL,NULL,NULL,NULL,6,NULL,NULL),(359,NULL,NULL,6,NULL,NULL,NULL,NULL,NULL,6,NULL,NULL),(360,NULL,NULL,53,NULL,NULL,NULL,NULL,NULL,6,NULL,NULL),(361,NULL,NULL,40,NULL,NULL,NULL,NULL,NULL,6,NULL,NULL),(362,NULL,NULL,29,NULL,NULL,NULL,NULL,NULL,6,NULL,NULL),(363,NULL,NULL,32,NULL,NULL,NULL,NULL,NULL,6,NULL,NULL),(364,NULL,NULL,44,NULL,NULL,NULL,NULL,NULL,6,NULL,NULL),(365,NULL,NULL,28,NULL,NULL,NULL,NULL,NULL,6,NULL,NULL),(366,NULL,NULL,20,NULL,NULL,NULL,NULL,NULL,6,NULL,NULL),(367,NULL,NULL,7,NULL,NULL,NULL,NULL,NULL,6,NULL,NULL),(368,NULL,NULL,38,NULL,NULL,NULL,NULL,NULL,6,NULL,NULL),(369,NULL,NULL,16,NULL,NULL,NULL,NULL,NULL,6,NULL,NULL),(370,NULL,NULL,36,NULL,NULL,NULL,NULL,NULL,6,NULL,NULL),(371,NULL,NULL,18,NULL,NULL,NULL,NULL,NULL,6,NULL,NULL),(372,NULL,NULL,43,NULL,NULL,NULL,NULL,NULL,6,NULL,NULL),(373,NULL,NULL,52,NULL,NULL,NULL,NULL,NULL,6,NULL,NULL),(374,NULL,NULL,5,NULL,NULL,NULL,NULL,NULL,6,NULL,NULL),(375,NULL,NULL,35,NULL,NULL,NULL,NULL,NULL,6,NULL,NULL),(376,NULL,NULL,31,NULL,NULL,NULL,NULL,NULL,6,NULL,NULL),(377,NULL,NULL,2,NULL,NULL,NULL,NULL,NULL,6,NULL,NULL),(378,NULL,6,46,10,NULL,'N','00:66:881',NULL,6,NULL,NULL),(379,NULL,NULL,55,NULL,NULL,NULL,NULL,NULL,6,NULL,NULL),(380,NULL,NULL,8,NULL,NULL,NULL,NULL,NULL,6,NULL,NULL),(381,NULL,NULL,56,NULL,NULL,NULL,NULL,NULL,6,NULL,NULL),(382,NULL,NULL,54,NULL,NULL,NULL,NULL,NULL,6,NULL,NULL),(383,NULL,7,4,10,NULL,'N','00:57:118',NULL,6,NULL,NULL),(384,NULL,NULL,33,NULL,NULL,NULL,NULL,NULL,6,NULL,NULL),(385,NULL,NULL,51,NULL,NULL,NULL,NULL,NULL,6,NULL,NULL),(386,NULL,NULL,3,NULL,NULL,NULL,NULL,NULL,6,NULL,NULL),(387,NULL,NULL,11,NULL,NULL,NULL,NULL,NULL,6,NULL,NULL),(388,NULL,NULL,19,NULL,NULL,NULL,NULL,NULL,6,NULL,NULL),(389,NULL,NULL,37,NULL,NULL,NULL,NULL,NULL,6,NULL,NULL),(390,NULL,NULL,39,NULL,NULL,NULL,NULL,NULL,6,NULL,NULL),(391,NULL,4,48,10,NULL,'N','00:46:693',NULL,6,NULL,NULL),(392,NULL,5,1,10,NULL,'N','00:42:600',NULL,6,NULL,NULL),(393,NULL,NULL,30,NULL,NULL,NULL,NULL,NULL,6,NULL,NULL),(394,NULL,NULL,10,NULL,NULL,NULL,NULL,NULL,6,NULL,NULL),(395,NULL,NULL,22,NULL,NULL,NULL,NULL,NULL,6,NULL,NULL),(396,NULL,NULL,15,NULL,NULL,NULL,NULL,NULL,6,NULL,NULL),(397,NULL,NULL,27,NULL,NULL,NULL,NULL,NULL,6,NULL,NULL),(398,NULL,NULL,10,NULL,NULL,NULL,NULL,NULL,9,NULL,NULL),(399,NULL,NULL,2,NULL,NULL,NULL,NULL,NULL,9,NULL,NULL),(400,NULL,NULL,20,NULL,NULL,NULL,NULL,NULL,9,NULL,NULL),(401,NULL,NULL,7,NULL,NULL,NULL,NULL,NULL,9,NULL,NULL),(402,NULL,NULL,23,NULL,NULL,NULL,NULL,NULL,9,NULL,NULL),(403,NULL,NULL,21,NULL,NULL,NULL,NULL,NULL,9,NULL,NULL),(404,NULL,NULL,3,NULL,NULL,NULL,NULL,NULL,9,NULL,NULL),(405,NULL,NULL,17,NULL,NULL,NULL,NULL,NULL,9,NULL,NULL),(406,NULL,NULL,18,NULL,NULL,NULL,NULL,NULL,9,NULL,NULL),(407,NULL,NULL,29,NULL,NULL,NULL,NULL,NULL,9,NULL,NULL),(408,NULL,NULL,19,NULL,NULL,NULL,NULL,NULL,9,NULL,NULL),(409,NULL,NULL,12,NULL,NULL,NULL,NULL,NULL,9,NULL,NULL),(410,NULL,NULL,22,NULL,NULL,NULL,NULL,NULL,9,NULL,NULL),(411,NULL,NULL,11,NULL,NULL,NULL,NULL,NULL,9,NULL,NULL),(412,NULL,NULL,28,NULL,NULL,NULL,NULL,NULL,9,NULL,NULL),(413,NULL,NULL,9,NULL,NULL,NULL,NULL,NULL,9,NULL,NULL),(414,NULL,NULL,4,NULL,NULL,NULL,NULL,NULL,9,NULL,NULL),(415,NULL,NULL,24,NULL,NULL,NULL,NULL,NULL,9,NULL,NULL),(416,NULL,NULL,26,NULL,NULL,NULL,NULL,NULL,9,NULL,NULL),(417,NULL,NULL,1,NULL,NULL,NULL,NULL,NULL,9,NULL,NULL),(418,NULL,NULL,13,NULL,NULL,NULL,NULL,NULL,9,NULL,NULL),(419,NULL,NULL,25,NULL,NULL,NULL,NULL,NULL,9,NULL,NULL),(420,NULL,NULL,14,NULL,NULL,NULL,NULL,NULL,9,NULL,NULL),(421,NULL,NULL,8,NULL,NULL,NULL,NULL,NULL,9,NULL,NULL),(422,NULL,NULL,6,NULL,NULL,NULL,NULL,NULL,9,NULL,NULL),(423,NULL,NULL,27,NULL,NULL,NULL,NULL,NULL,9,NULL,NULL),(424,NULL,NULL,5,NULL,NULL,NULL,NULL,NULL,9,NULL,NULL),(425,NULL,NULL,15,NULL,NULL,NULL,NULL,NULL,9,NULL,NULL),(426,NULL,NULL,16,NULL,NULL,NULL,NULL,NULL,9,NULL,NULL),(427,NULL,NULL,30,NULL,NULL,NULL,NULL,NULL,9,NULL,NULL),(428,NULL,NULL,26,NULL,NULL,NULL,NULL,NULL,10,NULL,NULL),(429,NULL,NULL,21,NULL,NULL,NULL,NULL,NULL,10,NULL,NULL),(430,NULL,NULL,8,NULL,NULL,NULL,NULL,NULL,10,NULL,NULL),(431,NULL,NULL,30,NULL,NULL,NULL,NULL,NULL,10,NULL,NULL),(432,NULL,NULL,11,NULL,NULL,NULL,NULL,NULL,10,NULL,NULL),(433,NULL,NULL,9,NULL,NULL,NULL,NULL,NULL,10,NULL,NULL),(434,NULL,NULL,1,NULL,NULL,NULL,NULL,NULL,10,NULL,NULL),(435,NULL,NULL,28,NULL,NULL,NULL,NULL,NULL,10,NULL,NULL),(436,NULL,NULL,6,NULL,NULL,NULL,NULL,NULL,10,NULL,NULL),(437,NULL,NULL,7,NULL,NULL,NULL,NULL,NULL,10,NULL,NULL),(438,NULL,NULL,10,NULL,NULL,NULL,NULL,NULL,10,NULL,NULL),(439,NULL,NULL,15,NULL,NULL,NULL,NULL,NULL,10,NULL,NULL),(440,NULL,NULL,2,NULL,NULL,NULL,NULL,NULL,10,NULL,NULL),(441,NULL,NULL,14,NULL,NULL,NULL,NULL,NULL,10,NULL,NULL),(442,NULL,NULL,3,NULL,NULL,NULL,NULL,NULL,10,NULL,NULL),(443,NULL,NULL,17,NULL,NULL,NULL,NULL,NULL,10,NULL,NULL),(444,NULL,NULL,5,NULL,NULL,NULL,NULL,NULL,10,NULL,NULL),(445,NULL,NULL,29,NULL,NULL,NULL,NULL,NULL,10,NULL,NULL),(446,NULL,NULL,22,NULL,NULL,NULL,NULL,NULL,10,NULL,NULL),(447,NULL,NULL,27,NULL,NULL,NULL,NULL,NULL,10,NULL,NULL),(448,NULL,NULL,20,NULL,NULL,NULL,NULL,NULL,10,NULL,NULL),(449,NULL,NULL,13,NULL,NULL,NULL,NULL,NULL,10,NULL,NULL),(450,NULL,NULL,19,NULL,NULL,NULL,NULL,NULL,10,NULL,NULL),(451,NULL,NULL,12,NULL,NULL,NULL,NULL,NULL,10,NULL,NULL),(452,NULL,NULL,25,NULL,NULL,NULL,NULL,NULL,10,NULL,NULL),(453,NULL,NULL,4,NULL,NULL,NULL,NULL,NULL,10,NULL,NULL),(454,NULL,NULL,16,NULL,NULL,NULL,NULL,NULL,10,NULL,NULL),(455,NULL,NULL,18,NULL,NULL,NULL,NULL,NULL,10,NULL,NULL),(456,NULL,NULL,23,NULL,NULL,NULL,NULL,NULL,10,NULL,NULL),(457,NULL,NULL,24,NULL,NULL,NULL,NULL,NULL,10,NULL,NULL),(458,NULL,NULL,26,NULL,NULL,NULL,NULL,NULL,11,NULL,NULL),(459,NULL,NULL,24,NULL,NULL,NULL,NULL,NULL,11,NULL,NULL),(460,NULL,NULL,25,NULL,NULL,NULL,NULL,NULL,11,NULL,NULL),(461,NULL,NULL,23,NULL,NULL,NULL,NULL,NULL,11,NULL,NULL),(462,NULL,NULL,8,NULL,NULL,NULL,NULL,NULL,11,NULL,NULL),(463,NULL,NULL,6,NULL,NULL,NULL,NULL,NULL,11,NULL,NULL),(464,NULL,NULL,4,NULL,NULL,NULL,NULL,NULL,11,NULL,NULL),(465,NULL,NULL,17,NULL,NULL,NULL,NULL,NULL,11,NULL,NULL),(466,NULL,NULL,7,NULL,NULL,NULL,NULL,NULL,11,NULL,NULL),(467,NULL,NULL,19,NULL,NULL,NULL,NULL,NULL,11,NULL,NULL),(468,NULL,NULL,11,NULL,NULL,NULL,NULL,NULL,11,NULL,NULL),(469,NULL,NULL,16,NULL,NULL,NULL,NULL,NULL,11,NULL,NULL),(470,NULL,NULL,27,NULL,NULL,NULL,NULL,NULL,11,NULL,NULL),(471,NULL,NULL,5,NULL,NULL,NULL,NULL,NULL,11,NULL,NULL),(472,NULL,NULL,14,NULL,NULL,NULL,NULL,NULL,11,NULL,NULL),(473,NULL,NULL,1,NULL,NULL,NULL,NULL,NULL,11,NULL,NULL),(474,NULL,NULL,18,NULL,NULL,NULL,NULL,NULL,11,NULL,NULL),(475,NULL,NULL,15,NULL,NULL,NULL,NULL,NULL,11,NULL,NULL),(476,NULL,NULL,13,NULL,NULL,NULL,NULL,NULL,11,NULL,NULL),(477,NULL,NULL,20,NULL,NULL,NULL,NULL,NULL,11,NULL,NULL),(478,NULL,NULL,9,NULL,NULL,NULL,NULL,NULL,11,NULL,NULL),(479,NULL,NULL,12,NULL,NULL,NULL,NULL,NULL,11,NULL,NULL),(480,NULL,NULL,3,NULL,NULL,NULL,NULL,NULL,11,NULL,NULL),(481,NULL,NULL,2,NULL,NULL,NULL,NULL,NULL,11,NULL,NULL),(482,NULL,NULL,21,NULL,NULL,NULL,NULL,NULL,11,NULL,NULL),(483,NULL,NULL,22,NULL,NULL,NULL,NULL,NULL,11,NULL,NULL),(484,NULL,NULL,10,NULL,NULL,NULL,NULL,NULL,11,NULL,NULL);
/*!40000 ALTER TABLE `tb_passada` ENABLE KEYS */;
UNLOCK TABLES;

--
-- Table structure for table `tb_permissoes_usuario`
--

DROP TABLE IF EXISTS `tb_permissoes_usuario`;
/*!40101 SET @saved_cs_client     = @@character_set_client */;
/*!40101 SET character_set_client = utf8 */;
CREATE TABLE `tb_permissoes_usuario` (
  `pu_id` bigint(20) NOT NULL AUTO_INCREMENT,
  `pu_data_alteracao` datetime DEFAULT NULL,
  `pu_ocorrencia` bigint(20) DEFAULT NULL,
  `pu_usuario_id` bigint(20) NOT NULL,
  `pu_us_alteracao` bigint(20) DEFAULT NULL,
  PRIMARY KEY (`pu_id`),
  KEY `FK_f7v5d6ste1dqycv2rqtro059a` (`pu_ocorrencia`),
  KEY `FK_lgd9a6ab9q4gm249revsuir4d` (`pu_usuario_id`),
  KEY `FK_6dk2dhtce2s01j68h6xj6dtqo` (`pu_us_alteracao`),
  CONSTRAINT `FK_6dk2dhtce2s01j68h6xj6dtqo` FOREIGN KEY (`pu_us_alteracao`) REFERENCES `tb_usuario` (`us_id`),
  CONSTRAINT `FK_f7v5d6ste1dqycv2rqtro059a` FOREIGN KEY (`pu_ocorrencia`) REFERENCES `tb_ocorrencia` (`oc_id`),
  CONSTRAINT `FK_lgd9a6ab9q4gm249revsuir4d` FOREIGN KEY (`pu_usuario_id`) REFERENCES `tb_usuario` (`us_id`)
) ENGINE=InnoDB DEFAULT CHARSET=utf8;
/*!40101 SET character_set_client = @saved_cs_client */;

--
-- Dumping data for table `tb_permissoes_usuario`
--

LOCK TABLES `tb_permissoes_usuario` WRITE;
/*!40000 ALTER TABLE `tb_permissoes_usuario` DISABLE KEYS */;
/*!40000 ALTER TABLE `tb_permissoes_usuario` ENABLE KEYS */;
UNLOCK TABLES;

--
-- Table structure for table `tb_recebimentos`
--

DROP TABLE IF EXISTS `tb_recebimentos`;
/*!40101 SET @saved_cs_client     = @@character_set_client */;
/*!40101 SET character_set_client = utf8 */;
CREATE TABLE `tb_recebimentos` (
  `re_id` bigint(20) NOT NULL AUTO_INCREMENT,
  `re_banco` varchar(50) DEFAULT NULL,
  `re_data_alteracao` datetime DEFAULT NULL,
  `re_data_cadastro` date NOT NULL,
  `re_data_recebimento` datetime DEFAULT NULL,
  `re_frm_pagamento` varchar(15) DEFAULT NULL,
  `re_observacao` text,
  `re_valor_recebimento` decimal(10,2) DEFAULT NULL,
  `re_valor_titulo` decimal(10,2) NOT NULL,
  `re_campeonato` bigint(20) NOT NULL,
  `re_competidor` bigint(20) NOT NULL,
  `re_divisao` bigint(20) DEFAULT NULL,
  `re_etapa` bigint(20) NOT NULL,
  `re_ocorrencia` bigint(20) DEFAULT NULL,
  `re_us_alteracao` bigint(20) DEFAULT NULL,
  PRIMARY KEY (`re_id`),
  KEY `FK_7x1wgp65l06ehqhca6urgow9c` (`re_campeonato`),
  KEY `FK_brb0mmr6nuhy1xff9y9wjnaxf` (`re_competidor`),
  KEY `FK_lmjhtm8r2f31gtiot3yqcflqc` (`re_divisao`),
  KEY `FK_auci12eihseyt3cs6baa9mqwy` (`re_etapa`),
  KEY `FK_rvgu4uwivyncx4tkwf3ilt2dm` (`re_ocorrencia`),
  KEY `FK_sou7nenukds4i1f6p492ref1p` (`re_us_alteracao`),
  CONSTRAINT `FK_7x1wgp65l06ehqhca6urgow9c` FOREIGN KEY (`re_campeonato`) REFERENCES `tb_campeonato` (`cp_id`),
  CONSTRAINT `FK_auci12eihseyt3cs6baa9mqwy` FOREIGN KEY (`re_etapa`) REFERENCES `tb_etapa` (`ep_id`),
  CONSTRAINT `FK_brb0mmr6nuhy1xff9y9wjnaxf` FOREIGN KEY (`re_competidor`) REFERENCES `tb_competidor` (`cp_id`),
  CONSTRAINT `FK_lmjhtm8r2f31gtiot3yqcflqc` FOREIGN KEY (`re_divisao`) REFERENCES `tb_divisao` (`dv_id`),
  CONSTRAINT `FK_rvgu4uwivyncx4tkwf3ilt2dm` FOREIGN KEY (`re_ocorrencia`) REFERENCES `tb_ocorrencia` (`oc_id`),
  CONSTRAINT `FK_sou7nenukds4i1f6p492ref1p` FOREIGN KEY (`re_us_alteracao`) REFERENCES `tb_usuario` (`us_id`)
) ENGINE=InnoDB DEFAULT CHARSET=utf8;
/*!40101 SET character_set_client = @saved_cs_client */;

--
-- Dumping data for table `tb_recebimentos`
--

LOCK TABLES `tb_recebimentos` WRITE;
/*!40000 ALTER TABLE `tb_recebimentos` DISABLE KEYS */;
/*!40000 ALTER TABLE `tb_recebimentos` ENABLE KEYS */;
UNLOCK TABLES;

--
-- Table structure for table `tb_tarefas`
--

DROP TABLE IF EXISTS `tb_tarefas`;
/*!40101 SET @saved_cs_client     = @@character_set_client */;
/*!40101 SET character_set_client = utf8 */;
CREATE TABLE `tb_tarefas` (
  `tf_id` bigint(20) NOT NULL AUTO_INCREMENT,
  `tf_codigo_programa` varchar(255) NOT NULL,
  `tf_nome_programa` varchar(255) NOT NULL,
  `tf_permissao_id` bigint(20) DEFAULT NULL,
  PRIMARY KEY (`tf_id`),
  KEY `FK_t6v3iu8vtgxt9ican61p9p0qs` (`tf_permissao_id`),
  CONSTRAINT `FK_t6v3iu8vtgxt9ican61p9p0qs` FOREIGN KEY (`tf_permissao_id`) REFERENCES `tb_permissoes_usuario` (`pu_id`)
) ENGINE=InnoDB DEFAULT CHARSET=utf8;
/*!40101 SET character_set_client = @saved_cs_client */;

--
-- Dumping data for table `tb_tarefas`
--

LOCK TABLES `tb_tarefas` WRITE;
/*!40000 ALTER TABLE `tb_tarefas` DISABLE KEYS */;
/*!40000 ALTER TABLE `tb_tarefas` ENABLE KEYS */;
UNLOCK TABLES;

--
-- Table structure for table `tb_usuario`
--

DROP TABLE IF EXISTS `tb_usuario`;
/*!40101 SET @saved_cs_client     = @@character_set_client */;
/*!40101 SET character_set_client = utf8 */;
CREATE TABLE `tb_usuario` (
  `us_id` bigint(20) NOT NULL AUTO_INCREMENT,
  `confirmaSenha` varchar(255) DEFAULT NULL,
  `us_email` varchar(120) NOT NULL,
  `us_nome` varchar(120) NOT NULL,
  `us_senha` varchar(35) NOT NULL,
  `us_sobrenome` varchar(120) DEFAULT NULL,
  `us_ocorrencia` bigint(20) DEFAULT NULL,
  PRIMARY KEY (`us_id`),
  KEY `FK_2jfyxks47dx4499tbbdktsvw6` (`us_ocorrencia`),
  CONSTRAINT `FK_2jfyxks47dx4499tbbdktsvw6` FOREIGN KEY (`us_ocorrencia`) REFERENCES `tb_ocorrencia` (`oc_id`)
) ENGINE=InnoDB DEFAULT CHARSET=utf8;
/*!40101 SET character_set_client = @saved_cs_client */;

--
-- Dumping data for table `tb_usuario`
--

LOCK TABLES `tb_usuario` WRITE;
/*!40000 ALTER TABLE `tb_usuario` DISABLE KEYS */;
/*!40000 ALTER TABLE `tb_usuario` ENABLE KEYS */;
UNLOCK TABLES;
/*!40103 SET TIME_ZONE=@OLD_TIME_ZONE */;

/*!40101 SET SQL_MODE=@OLD_SQL_MODE */;
/*!40014 SET FOREIGN_KEY_CHECKS=@OLD_FOREIGN_KEY_CHECKS */;
/*!40014 SET UNIQUE_CHECKS=@OLD_UNIQUE_CHECKS */;
/*!40101 SET CHARACTER_SET_CLIENT=@OLD_CHARACTER_SET_CLIENT */;
/*!40101 SET CHARACTER_SET_RESULTS=@OLD_CHARACTER_SET_RESULTS */;
/*!40101 SET COLLATION_CONNECTION=@OLD_COLLATION_CONNECTION */;
/*!40111 SET SQL_NOTES=@OLD_SQL_NOTES */;

-- Dump completed on 2019-11-23 22:12:40
